Instrument,Date,Change,Constituent RIC
.SPX,2022-06-21T00:00:00Z,Joiner,ON.OQ
.SPX,2022-06-21T00:00:00Z,Joiner,KDP.OQ
.SPX,2022-06-21T00:00:00Z,Leaver,UAA.N
.SPX,2022-06-21T00:00:00Z,Leaver,IPGP.OQ
.SPX,2022-06-21T00:00:00Z,Leaver,UA.N
.SPX,2022-06-08T00:00:00Z,Joiner,VICI.N
.SPX,2022-06-08T00:00:00Z,Leaver,CERN.OQ^F22
.SPX,2022-04-11T00:00:00Z,Leaver,DISCK.OQ^D22
.SPX,2022-04-04T00:00:00Z,Leaver,EMBC.OQ
.SPX,2022-04-04T00:00:00Z,Joiner,CPT.N
.SPX,2022-04-04T00:00:00Z,Leaver,PBCT.OQ^D22
.SPX,2022-04-01T00:00:00Z,Joiner,EMBC.OQ
.SPX,2022-03-02T00:00:00Z,Joiner,MOH.N
.SPX,2022-03-02T00:00:00Z,Leaver,ZIMV.OQ
.SPX,2022-03-02T00:00:00Z,Leaver,INFO.N^B22
.SPX,2022-03-01T00:00:00Z,Joiner,ZIMV.OQ
.SPX,2022-02-15T00:00:00Z,Leaver,XLNX.OQ^B22
.SPX,2022-02-15T00:00:00Z,Joiner,NDSN.OQ
.SPX,2022-02-03T00:00:00Z,Leaver,GPS.N
.SPX,2022-02-02T00:00:00Z,Joiner,CEG.OQ
.SPX,2021-12-20T00:00:00Z,Leaver,HBI.N
.SPX,2021-12-20T00:00:00Z,Joiner,FDS.N
.SPX,2021-12-20T00:00:00Z,Joiner,SBNY.OQ
.SPX,2021-12-20T00:00:00Z,Leaver,LEG.N
.SPX,2021-12-20T00:00:00Z,Leaver,WU.N
.SPX,2021-12-20T00:00:00Z,Joiner,SEDG.OQ
.SPX,2021-12-14T00:00:00Z,Joiner,EPAM.N
.SPX,2021-12-14T00:00:00Z,Leaver,KSU.N^L21
.SPX,2021-11-16T00:00:00Z,Leaver,ONL.N
.SPX,2021-11-15T00:00:00Z,Joiner,ONL.N
.SPX,2021-11-05T00:00:00Z,Leaver,KD.N
.SPX,2021-11-04T00:00:00Z,Joiner,KD.N
.SPX,2021-10-04T00:00:00Z,Leaver,SLVM.N
.SPX,2021-10-01T00:00:00Z,Joiner,SLVM.N
.SPX,2021-09-20T00:00:00Z,Joiner,BRO.N
.SPX,2021-09-20T00:00:00Z,Leaver,UNM.N
.SPX,2021-09-20T00:00:00Z,Joiner,CDAY.N
.SPX,2021-09-20T00:00:00Z,Leaver,PRGO.N
.SPX,2021-09-20T00:00:00Z,Leaver,NOV.N
.SPX,2021-09-20T00:00:00Z,Joiner,MTCH.OQ
.SPX,2021-08-30T00:00:00Z,Joiner,TECH.OQ
.SPX,2021-08-30T00:00:00Z,Leaver,MXIM.OQ^H21
.SPX,2021-08-04T00:00:00Z,Leaver,VSCO.N
.SPX,2021-08-03T00:00:00Z,Joiner,VSCO.N
.SPX,2021-07-21T00:00:00Z,Leaver,ALXN.OQ^G21
.SPX,2021-07-21T00:00:00Z,Joiner,MRNA.OQ
.SPX,2021-07-02T00:00:00Z,Leaver,DTM.N
.SPX,2021-07-01T00:00:00Z,Joiner,DTM.N
.SPX,2021-06-04T00:00:00Z,Leaver,DINO.N
.SPX,2021-06-03T00:00:00Z,Joiner,OGN.N
.SPX,2021-05-14T00:00:00Z,Joiner,CRL.N
.SPX,2021-05-14T00:00:00Z,Leaver,FLIR.OQ^E21
.SPX,2021-04-20T00:00:00Z,Joiner,PTC.OQ
.SPX,2021-04-20T00:00:00Z,Leaver,VAR.N^D21
.SPX,2021-03-22T00:00:00Z,Leaver,XRX.OQ
.SPX,2021-03-22T00:00:00Z,Leaver,VNT.N
.SPX,2021-03-22T00:00:00Z,Leaver,SLG.N
.SPX,2021-03-22T00:00:00Z,Joiner,CZR.OQ
.SPX,2021-03-22T00:00:00Z,Joiner,NXPI.OQ
.SPX,2021-03-22T00:00:00Z,Joiner,PENN.OQ
.SPX,2021-03-22T00:00:00Z,Joiner,GNRC.N
.SPX,2021-03-22T00:00:00Z,Leaver,FLS.N
.SPX,2021-02-12T00:00:00Z,Leaver,FTI.N
.SPX,2021-02-12T00:00:00Z,Joiner,MPWR.OQ
.SPX,2021-01-21T00:00:00Z,Leaver,CXO.N^A21
.SPX,2021-01-21T00:00:00Z,Joiner,TRMB.OQ
.SPX,2021-01-07T00:00:00Z,Leaver,TIF.N^A21
.SPX,2021-01-07T00:00:00Z,Joiner,ENPH.OQ
.SPX,2020-12-21T00:00:00Z,Leaver,AIRC.N
.SPX,2020-12-21T00:00:00Z,Joiner,TSLA.OQ
.SPX,2020-12-21T00:00:00Z,Leaver,AIV.N
.SPX,2020-12-15T00:00:00Z,Joiner,AIRC.N
.SPX,2020-10-12T00:00:00Z,Leaver,NBL.OQ^J20
.SPX,2020-10-09T00:00:00Z,Joiner,VNT.N
.SPX,2020-10-07T00:00:00Z,Joiner,POOL.OQ
.SPX,2020-10-07T00:00:00Z,Leaver,ETFC.OQ^J20
.SPX,2020-09-21T00:00:00Z,Joiner,ETSY.OQ
.SPX,2020-09-21T00:00:00Z,Joiner,TER.OQ
.SPX,2020-09-21T00:00:00Z,Joiner,CTLT.N
.SPX,2020-09-21T00:00:00Z,Leaver,COTY.N
.SPX,2020-09-21T00:00:00Z,Leaver,HRB.N
.SPX,2020-09-21T00:00:00Z,Leaver,KSS.N
.SPX,2020-06-22T00:00:00Z,Joiner,BIO.N
.SPX,2020-06-22T00:00:00Z,Leaver,BFH.N
.SPX,2020-06-22T00:00:00Z,Leaver,JWN.N
.SPX,2020-06-22T00:00:00Z,Leaver,HOG.N
.SPX,2020-06-22T00:00:00Z,Joiner,TYL.N
.SPX,2020-06-22T00:00:00Z,Joiner,TDY.N
.SPX,2020-05-22T00:00:00Z,Joiner,WST.N
.SPX,2020-05-22T00:00:00Z,Leaver,HP.N
.SPX,2020-05-12T00:00:00Z,Leaver,CPRI.N
.SPX,2020-05-12T00:00:00Z,Joiner,DXCM.OQ
.SPX,2020-05-12T00:00:00Z,Joiner,DPZ.N
.SPX,2020-05-12T00:00:00Z,Leaver,AGN.N^E20
.SPX,2020-04-06T00:00:00Z,Leaver,M.N
.SPX,2020-04-06T00:00:00Z,Leaver,RTN.N^D20
.SPX,2020-04-03T00:00:00Z,Joiner,CARR.N
.SPX,2020-04-03T00:00:00Z,Joiner,OTIS.N
.SPX,2020-03-03T00:00:00Z,Leaver,XEC.N^J21
.SPX,2020-02-03T00:00:00Z,Joiner,IR.N
.SPX,2020-01-28T00:00:00Z,Leaver,WCG.N^A20
.SPX,2020-01-28T00:00:00Z,Joiner,PAYC.N
.SPX,2019-12-23T00:00:00Z,Leaver,MAC.N
.SPX,2019-12-23T00:00:00Z,Joiner,LYV.N
.SPX,2019-12-23T00:00:00Z,Joiner,ZBRA.OQ
.SPX,2019-12-23T00:00:00Z,Leaver,AMG.N
.SPX,2019-12-23T00:00:00Z,Leaver,TRIP.OQ
.SPX,2019-12-23T00:00:00Z,Joiner,STE.N
.SPX,2019-12-09T00:00:00Z,Leaver,STI.N^L19
.SPX,2019-12-09T00:00:00Z,Joiner,ODFL.OQ
.SPX,2019-12-05T00:00:00Z,Joiner,WRB.N
.SPX,2019-12-05T00:00:00Z,Leaver,VIAB.OQ^L19
.SPX,2019-11-21T00:00:00Z,Leaver,CELG.OQ^K19
.SPX,2019-11-21T00:00:00Z,Joiner,NOW.N
.SPX,2019-10-03T00:00:00Z,Joiner,LVS.N
.SPX,2019-10-03T00:00:00Z,Leaver,NKTR.OQ
.SPX,2019-09-26T00:00:00Z,Leaver,JEF.N
.SPX,2019-09-26T00:00:00Z,Joiner,NVR.N
.SPX,2019-09-23T00:00:00Z,Leaver,TSS.N^I19
.SPX,2019-09-23T00:00:00Z,Joiner,CDW.OQ
.SPX,2019-08-09T00:00:00Z,Joiner,IEX.N
.SPX,2019-08-09T00:00:00Z,Joiner,LDOS.N
.SPX,2019-08-09T00:00:00Z,Leaver,APC.N^H19
.SPX,2019-08-09T00:00:00Z,Leaver,FL.N
.SPX,2019-07-15T00:00:00Z,Joiner,TMUS.OQ
.SPX,2019-07-15T00:00:00Z,Leaver,RHT.N^G19
.SPX,2019-07-01T00:00:00Z,Leaver,LLL.N^G19
.SPX,2019-07-01T00:00:00Z,Joiner,MKTX.OQ
.SPX,2019-06-07T00:00:00Z,Leaver,MAT.OQ
.SPX,2019-06-07T00:00:00Z,Joiner,AMCR.N
.SPX,2019-06-04T00:00:00Z,Leaver,FLR.N
.SPX,2019-06-03T00:00:00Z,Joiner,CTVA.N
.SPX,2019-05-24T00:00:00Z,Leaver,KTB.N
.SPX,2019-05-23T00:00:00Z,Joiner,KTB.N
.SPX,2019-04-03T00:00:00Z,Leaver,BHF.OQ
.SPX,2019-04-02T00:00:00Z,Joiner,DOW.N
.SPX,2019-03-20T00:00:00Z,Leaver,TFCF.OQ^C19
.SPX,2019-03-20T00:00:00Z,Leaver,TFCFA.OQ^C19
.SPX,2019-03-19T00:00:00Z,Joiner,FOXA.OQ
.SPX,2019-03-19T00:00:00Z,Joiner,FOX.OQ
.SPX,2019-02-27T00:00:00Z,Joiner,WAB.N
.SPX,2019-02-27T00:00:00Z,Leaver,GT.OQ
.SPX,2019-02-15T00:00:00Z,Leaver,NFX.N^B19
.SPX,2019-02-15T00:00:00Z,Joiner,ATO.N
.SPX,2019-02-11T00:00:00Z,Leaver,CVET.OQ
.SPX,2019-02-08T00:00:00Z,Joiner,CVET.OQ
.SPX,2019-01-18T00:00:00Z,Leaver,PCG.N
.SPX,2019-01-18T00:00:00Z,Joiner,TFX.N
.SPX,2019-01-02T00:00:00Z,Leaver,SCG.N^A19
.SPX,2019-01-02T00:00:00Z,Joiner,FRC.N
.SPX,2018-12-24T00:00:00Z,Joiner,CE.N
.SPX,2018-12-24T00:00:00Z,Leaver,ESRX.OQ^L18
.SPX,2018-12-03T00:00:00Z,Joiner,FANG.OQ
.SPX,2018-12-03T00:00:00Z,Leaver,COL.N^K18
.SPX,2018-12-03T00:00:00Z,Joiner,MXIM.OQ^H21
.SPX,2018-12-03T00:00:00Z,Leaver,SRCL.OQ
.SPX,2018-12-03T00:00:00Z,Joiner,LW.N
.SPX,2018-12-03T00:00:00Z,Leaver,AET.N^K18
.SPX,2018-11-13T00:00:00Z,Joiner,JKHY.OQ
.SPX,2018-11-13T00:00:00Z,Leaver,EQT.N
.SPX,2018-11-06T00:00:00Z,Leaver,CA.OQ^K18
.SPX,2018-11-06T00:00:00Z,Joiner,KEYS.N
.SPX,2018-10-30T00:00:00Z,Leaver,REZI.N
.SPX,2018-10-29T00:00:00Z,Joiner,REZI.N
.SPX,2018-10-11T00:00:00Z,Leaver,EVHC.N^J18
.SPX,2018-10-11T00:00:00Z,Joiner,FTNT.OQ
.SPX,2018-10-02T00:00:00Z,Leaver,GTX.N^I20
.SPX,2018-10-01T00:00:00Z,Joiner,ROL.N
.SPX,2018-10-01T00:00:00Z,Leaver,ANDV.N^J18
.SPX,2018-10-01T00:00:00Z,Joiner,GTX.N^I20
.SPX,2018-09-17T00:00:00Z,Joiner,WCG.N^A20
.SPX,2018-09-17T00:00:00Z,Leaver,XL.N^I18
.SPX,2018-08-28T00:00:00Z,Leaver,GGP.N^H18
.SPX,2018-08-28T00:00:00Z,Joiner,ANET.N
.SPX,2018-07-02T00:00:00Z,Leaver,KDP.OQ
.SPX,2018-07-02T00:00:00Z,Joiner,CPRT.OQ
.SPX,2018-06-20T00:00:00Z,Leaver,TWX.N^F18
.SPX,2018-06-20T00:00:00Z,Joiner,FLT.N
.SPX,2018-06-18T00:00:00Z,Joiner,DINO.N
.SPX,2018-06-18T00:00:00Z,Joiner,BR.N
.SPX,2018-06-18T00:00:00Z,Leaver,AYI.N
.SPX,2018-06-18T00:00:00Z,Leaver,RRC.N
.SPX,2018-06-07T00:00:00Z,Leaver,MON.N^F18
.SPX,2018-06-07T00:00:00Z,Joiner,TWTR.N
.SPX,2018-06-05T00:00:00Z,Leaver,NAVI.OQ
.SPX,2018-06-05T00:00:00Z,Joiner,EVRG.N
.SPX,2018-06-04T00:00:00Z,Leaver,PRSP.N^E21
.SPX,2018-06-01T00:00:00Z,Joiner,PRSP.N^E21
.SPX,2018-05-31T00:00:00Z,Leaver,TNL.N
.SPX,2018-05-31T00:00:00Z,Joiner,ABMD.OQ
.SPX,2018-05-10T00:00:00Z,Leaver,CHX.OQ
.SPX,2018-05-09T00:00:00Z,Joiner,CHX.OQ
.SPX,2018-05-02T00:00:00Z,Leaver,NVT.N
.SPX,2018-05-01T00:00:00Z,Joiner,NVT.N
.SPX,2018-04-04T00:00:00Z,Leaver,CSRA.N^D18
.SPX,2018-04-04T00:00:00Z,Joiner,MSCI.N
.SPX,2018-03-19T00:00:00Z,Leaver,CHK.N^F20
.SPX,2018-03-19T00:00:00Z,Joiner,SIVB.OQ
.SPX,2018-03-19T00:00:00Z,Leaver,SIG.N
.SPX,2018-03-19T00:00:00Z,Leaver,PDCO.OQ
.SPX,2018-03-19T00:00:00Z,Joiner,TTWO.OQ
.SPX,2018-03-19T00:00:00Z,Joiner,NKTR.OQ
.SPX,2018-03-07T00:00:00Z,Leaver,SNI.OQ^C18
.SPX,2018-03-07T00:00:00Z,Joiner,IPGP.OQ
.SPX,2018-01-03T00:00:00Z,Joiner,HII.N
.SPX,2018-01-03T00:00:00Z,Leaver,BCR.N^L17
.SPX,2017-12-06T00:00:00Z,Leaver,DLPH.N^J20
.SPX,2017-12-05T00:00:00Z,Joiner,DLPH.N^J20
.SPX,2017-10-13T00:00:00Z,Joiner,NCLH.N
.SPX,2017-10-13T00:00:00Z,Leaver,LVLT.N^K17
.SPX,2017-09-18T00:00:00Z,Joiner,CDNS.OQ
.SPX,2017-09-18T00:00:00Z,Leaver,SPLS.OQ^I17
.SPX,2017-09-01T00:00:00Z,Leaver,DOW.N^I17
.SPX,2017-09-01T00:00:00Z,Leaver,DD.N^I17
.SPX,2017-09-01T00:00:00Z,Joiner,SBAC.OQ
.SPX,2017-09-01T00:00:00Z,Joiner,DD.N
.SPX,2017-08-29T00:00:00Z,Leaver,WFM.OQ^H17
.SPX,2017-08-29T00:00:00Z,Joiner,IQV.N
.SPX,2017-08-08T00:00:00Z,Leaver,AN.N
.SPX,2017-08-07T00:00:00Z,Joiner,BHF.OQ
.SPX,2017-07-26T00:00:00Z,Leaver,MNK.N^J20
.SPX,2017-07-26T00:00:00Z,Joiner,AOS.N
.SPX,2017-07-26T00:00:00Z,Leaver,MUR.N
.SPX,2017-07-26T00:00:00Z,Leaver,RAI.N^G17
.SPX,2017-07-26T00:00:00Z,Leaver,RIG.N
.SPX,2017-07-26T00:00:00Z,Leaver,BBBY.OQ
.SPX,2017-07-26T00:00:00Z,Joiner,RMD.N
.SPX,2017-07-26T00:00:00Z,Joiner,DRE.N
.SPX,2017-07-26T00:00:00Z,Joiner,MGM.N
.SPX,2017-07-26T00:00:00Z,Joiner,PKG.N
.SPX,2017-07-19T00:00:00Z,Leaver,JBGS.N
.SPX,2017-07-18T00:00:00Z,Joiner,JBGS.N
.SPX,2017-06-19T00:00:00Z,Joiner,ANSS.OQ
.SPX,2017-06-19T00:00:00Z,Joiner,RE.N
.SPX,2017-06-19T00:00:00Z,Leaver,R.N
.SPX,2017-06-19T00:00:00Z,Leaver,AABA.OQ^J19
.SPX,2017-06-19T00:00:00Z,Joiner,ALGN.OQ
.SPX,2017-06-19T00:00:00Z,Leaver,TDC.N
.SPX,2017-06-19T00:00:00Z,Joiner,HLT.N
.SPX,2017-06-15T00:00:00Z,Leaver,MJN.N^F17
.SPX,2017-06-02T00:00:00Z,Leaver,CARS.N
.SPX,2017-06-02T00:00:00Z,Joiner,INFO.N^B22
.SPX,2017-06-02T00:00:00Z,Leaver,TGNA.N
.SPX,2017-06-01T00:00:00Z,Joiner,CARS.N
.SPX,2017-04-05T00:00:00Z,Leaver,DNB.N^B19
.SPX,2017-04-05T00:00:00Z,Joiner,IT.N
.SPX,2017-04-04T00:00:00Z,Leaver,SWN.N
.SPX,2017-04-04T00:00:00Z,Joiner,DXC.N
.SPX,2017-03-20T00:00:00Z,Leaver,URBN.OQ
.SPX,2017-03-20T00:00:00Z,Joiner,AMD.OQ
.SPX,2017-03-20T00:00:00Z,Joiner,RJF.N
.SPX,2017-03-20T00:00:00Z,Joiner,ARE.N
.SPX,2017-03-20T00:00:00Z,Leaver,FTR.OQ^D20
.SPX,2017-03-20T00:00:00Z,Leaver,FSLR.OQ
.SPX,2017-03-16T00:00:00Z,Joiner,SNPS.OQ
.SPX,2017-03-13T00:00:00Z,Leaver,HAR.N^C17
.SPX,2017-03-13T00:00:00Z,Leaver,LLTC.OQ^C17
.SPX,2017-03-13T00:00:00Z,Joiner,DISH.OQ
.SPX,2017-03-02T00:00:00Z,Joiner,REG.OQ
.SPX,2017-03-02T00:00:00Z,Leaver,ENDP.OQ^H22
.SPX,2017-03-01T00:00:00Z,Joiner,CBOE.Z
.SPX,2017-03-01T00:00:00Z,Leaver,PBI.N
.SPX,2017-02-28T00:00:00Z,Joiner,INCY.OQ
.SPX,2017-02-27T00:00:00Z,Leaver,SE.N^B17
.SPX,2017-02-03T00:00:00Z,Leaver,BIVV.OQ^C18
.SPX,2017-02-02T00:00:00Z,Joiner,BIVV.OQ^C18
.SPX,2017-01-31T00:00:00Z,Leaver,VREX.OQ
.SPX,2017-01-30T00:00:00Z,Joiner,VREX.OQ
.SPX,2017-01-17T00:00:00Z,Leaver,FTI.N^A17
.SPX,2017-01-05T00:00:00Z,Leaver,STJ.N^A17
.SPX,2017-01-05T00:00:00Z,Joiner,IDXX.OQ
.SPX,2017-01-04T00:00:00Z,Leaver,CNDT.OQ
.SPX,2017-01-03T00:00:00Z,Joiner,CNDT.OQ
.SPX,2016-12-02T00:00:00Z,Leaver,LM.N^H20
.SPX,2016-12-02T00:00:00Z,Joiner,EVHC.N^J18
.SPX,2016-12-02T00:00:00Z,Joiner,EVHC.N^L16
.SPX,2016-12-02T00:00:00Z,Leaver,EVHC.N^L16
.SPX,2016-12-02T00:00:00Z,Joiner,MAA.N
.SPX,2016-12-02T00:00:00Z,Leaver,OI.N
.SPX,2016-11-11T00:00:00Z,Leaver,LW.N
.SPX,2016-11-10T00:00:00Z,Joiner,LW.N
.SPX,2016-11-02T00:00:00Z,Leaver,QCP.N^G18
.SPX,2016-11-02T00:00:00Z,Leaver,YUMC.N
.SPX,2016-11-02T00:00:00Z,Leaver,AA.N
.SPX,2016-11-01T00:00:00Z,Joiner,QCP.N^G18
.SPX,2016-11-01T00:00:00Z,Joiner,AA.N
.SPX,2016-11-01T00:00:00Z,Leaver,ADNT.N
.SPX,2016-11-01T00:00:00Z,Joiner,YUMC.N
.SPX,2016-10-31T00:00:00Z,Joiner,ADNT.N
.SPX,2016-10-04T00:00:00Z,Leaver,VSM.N^J19
.SPX,2016-10-04T00:00:00Z,Leaver,ASIX.N
.SPX,2016-10-03T00:00:00Z,Joiner,COTY.N
.SPX,2016-10-03T00:00:00Z,Joiner,VSM.N^J19
.SPX,2016-10-03T00:00:00Z,Leaver,DO.N^D20
.SPX,2016-10-03T00:00:00Z,Joiner,ASIX.N
.SPX,2016-09-23T00:00:00Z,Leaver,HOT.N^I16
.SPX,2016-09-23T00:00:00Z,Joiner,COO.N
.SPX,2016-09-08T00:00:00Z,Leaver,DELL.N
.SPX,2016-09-08T00:00:00Z,Leaver,EMC.N^I16
.SPX,2016-09-08T00:00:00Z,Joiner,CHTR.OQ
.SPX,2016-09-07T00:00:00Z,Joiner,DELL.N
.SPX,2016-09-06T00:00:00Z,Joiner,MTD.N
.SPX,2016-09-06T00:00:00Z,Leaver,JCI.N^I16
.SPX,2016-07-06T00:00:00Z,Leaver,CPGX.N^G16
.SPX,2016-07-05T00:00:00Z,Joiner,FTV.N
.SPX,2016-07-01T00:00:00Z,Leaver,GAS.N^G16
.SPX,2016-07-01T00:00:00Z,Leaver,TE.N^G16
.SPX,2016-07-01T00:00:00Z,Joiner,ALB.N
.SPX,2016-07-01T00:00:00Z,Joiner,LNT.OQ
.SPX,2016-06-24T00:00:00Z,Leaver,CVC.N^F16
.SPX,2016-06-24T00:00:00Z,Joiner,FBHS.N
.SPX,2016-06-03T00:00:00Z,Leaver,BXLT.N^F16
.SPX,2016-06-03T00:00:00Z,Joiner,TDG.N
.SPX,2016-05-31T00:00:00Z,Joiner,AJG.N
.SPX,2016-05-31T00:00:00Z,Leaver,CCEP.OQ
.SPX,2016-05-23T00:00:00Z,Joiner,LKQ.OQ
.SPX,2016-05-23T00:00:00Z,Leaver,ARG.N^E16
.SPX,2016-05-18T00:00:00Z,Leaver,TWC.N^E16
.SPX,2016-05-18T00:00:00Z,Joiner,DLR.N
.SPX,2016-05-17T00:00:00Z,Leaver,NGVT.N
.SPX,2016-05-16T00:00:00Z,Leaver,IILGV.OQ^E16
.SPX,2016-05-16T00:00:00Z,Joiner,NGVT.N
.SPX,2016-05-13T00:00:00Z,Joiner,ALK.N
.SPX,2016-05-13T00:00:00Z,Leaver,SNDK.OQ^E16
.SPX,2016-05-13T00:00:00Z,Joiner,IILGV.OQ^E16
.SPX,2016-05-03T00:00:00Z,Joiner,AYI.N
.SPX,2016-05-03T00:00:00Z,Leaver,ADT.N^E16
.SPX,2016-04-25T00:00:00Z,Leaver,GME.N
.SPX,2016-04-25T00:00:00Z,Joiner,GPN.N
.SPX,2016-04-18T00:00:00Z,Joiner,ULTA.OQ
.SPX,2016-04-18T00:00:00Z,Leaver,THC.N
.SPX,2016-04-08T00:00:00Z,Joiner,UA.N
.SPX,2016-04-04T00:00:00Z,Leaver,CAM.N^D16
.SPX,2016-04-04T00:00:00Z,Joiner,FL.N
.SPX,2016-03-30T00:00:00Z,Joiner,HOLX.OQ
.SPX,2016-03-30T00:00:00Z,Leaver,VAL.N^H20
.SPX,2016-03-30T00:00:00Z,Joiner,CNC.N
.SPX,2016-03-30T00:00:00Z,Leaver,POM.N^C16
.SPX,2016-03-07T00:00:00Z,Joiner,UDR.N
.SPX,2016-03-07T00:00:00Z,Leaver,GMCR.OQ^C16
.SPX,2016-03-04T00:00:00Z,Joiner,AWK.N
.SPX,2016-03-04T00:00:00Z,Leaver,CNX.N
.SPX,2016-02-22T00:00:00Z,Joiner,CXO.N^A21
.SPX,2016-02-22T00:00:00Z,Leaver,PCL.N^B16
.SPX,2016-02-01T00:00:00Z,Leaver,BRCM.OQ^B16
.SPX,2016-02-01T00:00:00Z,Joiner,CFG.N
.SPX,2016-02-01T00:00:00Z,Joiner,FRT.N
.SPX,2016-02-01T00:00:00Z,Leaver,PCP.N^B16
.SPX,2016-01-19T00:00:00Z,Leaver,CB.N^A16
.SPX,2016-01-19T00:00:00Z,Joiner,EXR.N
.SPX,2016-01-05T00:00:00Z,Leaver,FOSL.OQ
.SPX,2016-01-05T00:00:00Z,Joiner,WTW.OQ
.SPX,2015-12-29T00:00:00Z,Leaver,ALTR.OQ^L15
.SPX,2015-12-29T00:00:00Z,Joiner,CHD.N
.SPX,2015-12-14T00:00:00Z,Leaver,CMCSK.OQ^L15
.SPX,2015-12-01T00:00:00Z,Leaver,DXC.N
.SPX,2015-11-30T00:00:00Z,Joiner,CSRA.N^D18
.SPX,2015-11-19T00:00:00Z,Joiner,ILMN.OQ
.SPX,2015-11-19T00:00:00Z,Leaver,SIAL.OQ^K15
.SPX,2015-11-18T00:00:00Z,Joiner,SYF.N
.SPX,2015-11-18T00:00:00Z,Leaver,GNW.N
.SPX,2015-11-11T00:00:00Z,Leaver,FCPT.N
.SPX,2015-11-10T00:00:00Z,Joiner,FCPT.N
.SPX,2015-11-03T00:00:00Z,Leaver,HCBK.OQ^K15
.SPX,2015-11-02T00:00:00Z,Joiner,HPE.N
.SPX,2015-10-08T00:00:00Z,Leaver,JOY.N^D17
.SPX,2015-10-08T00:00:00Z,Joiner,VRSK.OQ
.SPX,2015-09-21T00:00:00Z,Joiner,CMCSK.OQ^L15
.SPX,2015-09-21T00:00:00Z,Joiner,TFCF.OQ^C19
.SPX,2015-09-21T00:00:00Z,Joiner,NWS.OQ
.SPX,2015-09-03T00:00:00Z,Leaver,HSP.N^I15
.SPX,2015-09-03T00:00:00Z,Joiner,UAL.OQ
.SPX,2015-08-31T00:00:00Z,Leaver,PLL.N^H15
.SPX,2015-08-31T00:00:00Z,Joiner,ATVI.OQ
.SPX,2015-07-29T00:00:00Z,Joiner,SIG.N
.SPX,2015-07-29T00:00:00Z,Leaver,DTV.OQ^G15
.SPX,2015-07-20T00:00:00Z,Leaver,NE.N^H20
.SPX,2015-07-20T00:00:00Z,Joiner,PYPL.OQ
.SPX,2015-07-09T00:00:00Z,Joiner,AAP.N
.SPX,2015-07-07T00:00:00Z,Leaver,FDO.N^G15
.SPX,2015-07-06T00:00:00Z,Leaver,KRFT.OQ^G15
.SPX,2015-07-06T00:00:00Z,Joiner,KHC.OQ
.SPX,2015-07-02T00:00:00Z,Joiner,CPGX.N^G16
.SPX,2015-07-02T00:00:00Z,Leaver,MWV.N^G15
.SPX,2015-07-02T00:00:00Z,Joiner,WRK.N
.SPX,2015-07-02T00:00:00Z,Leaver,ATI.N
.SPX,2015-07-01T00:00:00Z,Joiner,BXLT.N^F16
.SPX,2015-07-01T00:00:00Z,Joiner,JBHT.OQ
.SPX,2015-07-01T00:00:00Z,Leaver,TEG.N^F15
.SPX,2015-07-01T00:00:00Z,Leaver,QEP.N^C21
.SPX,2015-06-12T00:00:00Z,Joiner,QRVO.OQ
.SPX,2015-06-12T00:00:00Z,Leaver,LO.N^F15
.SPX,2015-04-07T00:00:00Z,Leaver,WIN.OQ^C19
.SPX,2015-04-07T00:00:00Z,Joiner,O.N
.SPX,2015-03-23T00:00:00Z,Joiner,AAL.OQ
.SPX,2015-03-23T00:00:00Z,Joiner,HBI.N
.SPX,2015-03-23T00:00:00Z,Joiner,EQIX.OQ
.SPX,2015-03-23T00:00:00Z,Joiner,SLG.N
.SPX,2015-03-23T00:00:00Z,Leaver,DNR.N^G20
.SPX,2015-03-23T00:00:00Z,Leaver,NBR.N
.SPX,2015-03-23T00:00:00Z,Leaver,AGN.N^C15
.SPX,2015-03-23T00:00:00Z,Leaver,AVP.N^A20
.SPX,2015-03-18T00:00:00Z,Joiner,HSIC.OQ
.SPX,2015-03-18T00:00:00Z,Leaver,CFN.N^C15
.SPX,2015-03-12T00:00:00Z,Leaver,PETM.OQ^C15
.SPX,2015-03-12T00:00:00Z,Joiner,SWKS.OQ
.SPX,2015-01-27T00:00:00Z,Joiner,ENDP.OQ^H22
.SPX,2015-01-27T00:00:00Z,Joiner,HCA.N
.SPX,2015-01-27T00:00:00Z,Leaver,COV.N^A15
.SPX,2015-01-27T00:00:00Z,Leaver,SWY.N^A15
.SPX,2014-12-05T00:00:00Z,Joiner,RCL.N
.SPX,2014-12-05T00:00:00Z,Leaver,AMCR.N
.SPX,2014-11-05T00:00:00Z,Joiner,LVLT.N^K17
.SPX,2014-11-05T00:00:00Z,Leaver,JBL.N
.SPX,2014-09-22T00:00:00Z,Joiner,UHS.N
.SPX,2014-09-22T00:00:00Z,Joiner,URI.N
.SPX,2014-09-22T00:00:00Z,Leaver,GHC.N
.SPX,2014-09-22T00:00:00Z,Leaver,BTU.N^D16
.SPX,2014-08-19T00:00:00Z,Leaver,RDC.N^D19
.SPX,2014-08-19T00:00:00Z,Joiner,MNK.N^J20
.SPX,2014-08-07T00:00:00Z,Joiner,DISCK.OQ^D22
.SPX,2014-07-02T00:00:00Z,Leaver,X.N
.SPX,2014-07-02T00:00:00Z,Joiner,MLM.N
.SPX,2014-07-01T00:00:00Z,Leaver,FRX.N^G14
.SPX,2014-07-01T00:00:00Z,Joiner,AMG.N
.SPX,2014-06-23T00:00:00Z,Joiner,XEC.N^J21
.SPX,2014-06-19T00:00:00Z,Leaver,IGT.N^D15
.SPX,2014-05-08T00:00:00Z,Joiner,AVGO.OQ
.SPX,2014-05-08T00:00:00Z,Leaver,LSI.OQ^E14
.SPX,2014-05-01T00:00:00Z,Joiner,NAVI.OQ
.SPX,2014-05-01T00:00:00Z,Joiner,UAA.N
.SPX,2014-05-01T00:00:00Z,Leaver,BEAM.N^E14
.SPX,2014-05-01T00:00:00Z,Leaver,SLM.OQ
.SPX,2014-04-03T00:00:00Z,Joiner,GOOG.OQ
.SPX,2014-04-02T00:00:00Z,Joiner,ESS.N
.SPX,2014-04-02T00:00:00Z,Leaver,CLF.N
.SPX,2014-03-24T00:00:00Z,Joiner,GMCR.OQ^C16
.SPX,2014-03-24T00:00:00Z,Leaver,WPX.N^A21
.SPX,2014-01-24T00:00:00Z,Joiner,TSCO.OQ
.SPX,2014-01-24T00:00:00Z,Leaver,LIFE.OQ^B14
.SPX,2013-12-23T00:00:00Z,Joiner,MHK.N
.SPX,2013-12-23T00:00:00Z,Leaver,VIAV.OQ
.SPX,2013-12-23T00:00:00Z,Joiner,BFH.N
.SPX,2013-12-23T00:00:00Z,Leaver,ANF.N
.SPX,2013-12-23T00:00:00Z,Leaver,TER.OQ
.SPX,2013-12-23T00:00:00Z,Joiner,META.OQ
.SPX,2013-12-10T00:00:00Z,Joiner,GGP.N^H18
.SPX,2013-12-10T00:00:00Z,Leaver,MOLX.OQ^L13
.SPX,2013-12-02T00:00:00Z,Leaver,JCP.N^E20
.SPX,2013-12-02T00:00:00Z,Joiner,ALLE.N
.SPX,2013-11-13T00:00:00Z,Joiner,CPRI.N
.SPX,2013-11-13T00:00:00Z,Leaver,NYX.N^K13
.SPX,2013-10-29T00:00:00Z,Leaver,DELL.OQ^J13
.SPX,2013-10-29T00:00:00Z,Joiner,RIG.N
.SPX,2013-09-23T00:00:00Z,Leaver,LDOS.N
.SPX,2013-09-23T00:00:00Z,Joiner,VRTX.OQ
.SPX,2013-09-23T00:00:00Z,Joiner,AME.N
.SPX,2013-09-23T00:00:00Z,Leaver,AMD.OQ
.SPX,2013-09-11T00:00:00Z,Joiner,DAL.N
.SPX,2013-09-11T00:00:00Z,Leaver,BMC.OQ^I13
.SPX,2013-07-09T00:00:00Z,Leaver,S.N^G13
.SPX,2013-07-09T00:00:00Z,Joiner,NLSN.N
.SPX,2013-07-01T00:00:00Z,Leaver,APOL.OQ^B17
.SPX,2013-07-01T00:00:00Z,Joiner,NWSA.OQ
.SPX,2013-06-24T00:00:00Z,Leaver,FHN.N
.SPX,2013-06-24T00:00:00Z,Joiner,ZTS.N
.SPX,2013-06-07T00:00:00Z,Leaver,HNZ.N^F13
.SPX,2013-06-07T00:00:00Z,Joiner,GM.N
.SPX,2013-05-24T00:00:00Z,Leaver,DF.N^K19
.SPX,2013-05-24T00:00:00Z,Joiner,KSU.N^L21
.SPX,2013-05-09T00:00:00Z,Leaver,CVH.N^E13
.SPX,2013-05-09T00:00:00Z,Joiner,MAC.N
.SPX,2013-05-01T00:00:00Z,Leaver,TMUS.OQ
.SPX,2013-05-01T00:00:00Z,Joiner,REGN.OQ
.SPX,2013-02-14T00:00:00Z,Joiner,PVH.N
.SPX,2013-02-14T00:00:00Z,Leaver,BIG.N
.SPX,2013-01-02T00:00:00Z,Leaver,FHI.N
.SPX,2013-01-02T00:00:00Z,Joiner,ABBV.N
.SPX,2012-12-24T00:00:00Z,Joiner,APTV.N
.SPX,2012-12-24T00:00:00Z,Leaver,TIE.N^A13
.SPX,2012-12-12T00:00:00Z,Joiner,GRMN.N
.SPX,2012-12-12T00:00:00Z,Leaver,RRD.N^B22
.SPX,2012-12-03T00:00:00Z,Leaver,CBE.N^L12
.SPX,2012-12-03T00:00:00Z,Joiner,DG.N
.SPX,2012-10-05T00:00:00Z,Joiner,PETM.OQ^C15
.SPX,2012-10-05T00:00:00Z,Leaver,SUN.N^J12
.SPX,2012-10-02T00:00:00Z,Leaver,ANR.N^G15
.SPX,2012-10-02T00:00:00Z,Joiner,KRFT.OQ^G15
.SPX,2012-10-01T00:00:00Z,Joiner,ADT.N^E16
.SPX,2012-10-01T00:00:00Z,Leaver,LXK.N^K16
.SPX,2012-10-01T00:00:00Z,Leaver,ATGE.N
.SPX,2012-10-01T00:00:00Z,Joiner,PNR.N
.SPX,2012-09-05T00:00:00Z,Joiner,LYB.N
.SPX,2012-09-05T00:00:00Z,Leaver,SHLD.OQ^J18
.SPX,2012-07-31T00:00:00Z,Joiner,VAL.N^H20
.SPX,2012-07-31T00:00:00Z,Leaver,GR.N^G12
.SPX,2012-07-02T00:00:00Z,Leaver,PGN.N^G12
.SPX,2012-07-02T00:00:00Z,Joiner,STX.OQ
.SPX,2012-06-29T00:00:00Z,Leaver,HSH.N^H14
.SPX,2012-06-29T00:00:00Z,Joiner,MNST.OQ
.SPX,2012-06-05T00:00:00Z,Leaver,NVLS.OQ^F12
.SPX,2012-06-05T00:00:00Z,Joiner,LRCX.OQ
.SPX,2012-05-25T00:00:00Z,Leaver,EP.N^E12
.SPX,2012-05-25T00:00:00Z,Joiner,ALXN.OQ^G21
.SPX,2012-05-25T00:00:00Z,Joiner,KMI.N
.SPX,2012-05-22T00:00:00Z,Leaver,MMI.N^E12
.SPX,2012-05-02T00:00:00Z,Joiner,PSX.N
.SPX,2012-05-01T00:00:00Z,Leaver,SVU.N^J18
.SPX,2012-04-04T00:00:00Z,Joiner,FOSL.OQ
.SPX,2012-04-02T00:00:00Z,Leaver,MHS.N^D12
.SPX,2012-03-14T00:00:00Z,Joiner,CCI.N
.SPX,2012-03-13T00:00:00Z,Leaver,CEG.N^C12
.SPX,2012-01-03T00:00:00Z,Joiner,WPX.N^A21
.SPX,2012-01-03T00:00:00Z,Leaver,CPWR.OQ^L14
.SPX,2011-12-21T00:00:00Z,Leaver,TLAB.OQ^L13
.SPX,2011-12-21T00:00:00Z,Joiner,TRIP.OQ
.SPX,2011-12-19T00:00:00Z,Leaver,AKS.N^C20
.SPX,2011-12-19T00:00:00Z,Joiner,DLTR.OQ
.SPX,2011-12-19T00:00:00Z,Joiner,PRGO.N
.SPX,2011-12-19T00:00:00Z,Joiner,BWA.N
.SPX,2011-12-19T00:00:00Z,Leaver,SUNE.N^D16
.SPX,2011-12-19T00:00:00Z,Leaver,MWW.N^K16
.SPX,2011-12-13T00:00:00Z,Joiner,GAS.N^G16
.SPX,2011-12-12T00:00:00Z,Leaver,GAS.N^L11
.SPX,2011-11-23T00:00:00Z,Joiner,CBE.N^L12
.SPX,2011-11-23T00:00:00Z,Leaver,JNS.N^E17
.SPX,2011-11-01T00:00:00Z,Joiner,XYL.N
.SPX,2011-11-01T00:00:00Z,Leaver,ITT.N
.SPX,2011-10-17T00:00:00Z,Joiner,TEL.N
.SPX,2011-10-17T00:00:00Z,Leaver,CEPH.OQ^J11
.SPX,2011-09-26T00:00:00Z,Leaver,NSM.N^I11
.SPX,2011-09-26T00:00:00Z,Joiner,MOS.N
.SPX,2011-07-06T00:00:00Z,Joiner,ACN.N
.SPX,2011-07-06T00:00:00Z,Leaver,MI.N^G11
.SPX,2011-07-01T00:00:00Z,Joiner,MPC.N
.SPX,2011-07-01T00:00:00Z,Leaver,RSH.N^B15
.SPX,2011-06-03T00:00:00Z,Leaver,PLD.N^F11
.SPX,2011-06-03T00:00:00Z,Joiner,PLD.N
.SPX,2011-06-02T00:00:00Z,Leaver,MEE.N^F11
.SPX,2011-06-02T00:00:00Z,Joiner,ANR.N^G15
.SPX,2011-04-28T00:00:00Z,Leaver,NOVL.OQ^D11
.SPX,2011-04-28T00:00:00Z,Joiner,CMG.N
.SPX,2011-04-04T00:00:00Z,Joiner,BLK.N
.SPX,2011-04-04T00:00:00Z,Leaver,GENZ.OQ^D11
.SPX,2011-04-01T00:00:00Z,Joiner,EW.N
.SPX,2011-04-01T00:00:00Z,Leaver,Q.N^D11
.SPX,2011-03-01T00:00:00Z,Joiner,COV.N^A15
.SPX,2011-03-01T00:00:00Z,Leaver,MFE.N^C11
.SPX,2011-02-28T00:00:00Z,Joiner,JOY.N^D17
.SPX,2011-02-28T00:00:00Z,Leaver,AYE.N^B11
.SPX,2011-01-18T00:00:00Z,Joiner,NE.N^H20
.SPX,2011-01-18T00:00:00Z,Leaver,QLGC.OQ^H16
.SPX,2011-01-04T00:00:00Z,Leaver,MDP.N^L21
.SPX,2011-01-04T00:00:00Z,Joiner,MMI.N^E12
.SPX,2010-12-20T00:00:00Z,Joiner,FFIV.OQ
.SPX,2010-12-20T00:00:00Z,Joiner,NFX.N^B19
.SPX,2010-12-20T00:00:00Z,Leaver,EK.N^A12
.SPX,2010-12-20T00:00:00Z,Leaver,NYT.N
.SPX,2010-12-20T00:00:00Z,Leaver,KG.N^C11
.SPX,2010-12-20T00:00:00Z,Leaver,ODP.OQ
.SPX,2010-12-20T00:00:00Z,Joiner,NFLX.OQ
.SPX,2010-12-20T00:00:00Z,Joiner,CVC.N^F16
.SPX,2010-11-17T00:00:00Z,Leaver,PTV.N^K10
.SPX,2010-11-17T00:00:00Z,Joiner,TT.N
.SPX,2010-08-27T00:00:00Z,Leaver,SII.N^H10
.SPX,2010-08-27T00:00:00Z,Joiner,JCI.N
.SPX,2010-07-15T00:00:00Z,Joiner,CB.N
.SPX,2010-07-15T00:00:00Z,Leaver,MIL.N^G10
.SPX,2010-07-01T00:00:00Z,Leaver,STR.N^I16
.SPX,2010-07-01T00:00:00Z,Joiner,QEP.N^C21
.SPX,2010-06-28T00:00:00Z,Joiner,KMX.N
.SPX,2010-06-28T00:00:00Z,Leaver,XTO.N^F10
.SPX,2010-04-30T00:00:00Z,Leaver,BJS.N^D10
.SPX,2010-04-30T00:00:00Z,Joiner,CERN.OQ^F22
.SPX,2010-03-15T00:00:00Z,Joiner,OKE.N
.SPX,2010-03-15T00:00:00Z,Leaver,BDK.N^C10
.SPX,2010-03-01T00:00:00Z,Leaver,PBG.N^C10
.SPX,2010-03-01T00:00:00Z,Leaver,RX.N^C10
.SPX,2010-03-01T00:00:00Z,Joiner,HP.N
.SPX,2010-03-01T00:00:00Z,Joiner,WBD.OQ
.SPX,2010-02-15T00:00:00Z,Joiner,BRKb.N
.SPX,2010-02-15T00:00:00Z,Leaver,BNI.N^B10
.SPX,2010-02-08T00:00:00Z,Leaver,ACS.N^B10
.SPX,2010-02-08T00:00:00Z,Joiner,URBN.OQ
.SPX,2010-01-29T00:00:00Z,Joiner,NRG.N
.SPX,2010-01-29T00:00:00Z,Leaver,JAVA.OQ^B10
.SPX,2009-12-23T00:00:00Z,Leaver,VAL.N^H20
.SPX,2009-12-23T00:00:00Z,Joiner,ROP.N
.SPX,2009-12-21T00:00:00Z,Joiner,V.N
.SPX,2009-12-21T00:00:00Z,Joiner,LDOS.N
.SPX,2009-12-21T00:00:00Z,Joiner,ROST.OQ
.SPX,2009-12-21T00:00:00Z,Joiner,CLF.N
.SPX,2009-12-21T00:00:00Z,Joiner,MJN.N^F17
.SPX,2009-12-21T00:00:00Z,Leaver,KBH.N
.SPX,2009-12-21T00:00:00Z,Leaver,CVG.N^J18
.SPX,2009-12-21T00:00:00Z,Leaver,DYN.N^G12
.SPX,2009-12-21T00:00:00Z,Leaver,CIEN.N
.SPX,2009-12-21T00:00:00Z,Leaver,MBI.N
.SPX,2009-11-06T00:00:00Z,Joiner,BKNG.OQ
.SPX,2009-11-04T00:00:00Z,Leaver,SGP.N^K09
.SPX,2009-10-16T00:00:00Z,Joiner,FSLR.OQ
.SPX,2009-10-16T00:00:00Z,Leaver,WYE.N^J09
.SPX,2009-09-09T00:00:00Z,Joiner,ARG.N^E16
.SPX,2009-09-09T00:00:00Z,Leaver,CBE.N^L12
.SPX,2009-09-01T00:00:00Z,Joiner,CFN.N^C15
.SPX,2009-09-01T00:00:00Z,Leaver,MTW.N
.SPX,2009-08-19T00:00:00Z,Joiner,FMC.N
.SPX,2009-08-19T00:00:00Z,Leaver,CTX.N^H09
.SPX,2009-07-27T00:00:00Z,Joiner,RHT.N^G19
.SPX,2009-07-27T00:00:00Z,Leaver,CIT.N^K09
.SPX,2009-07-01T00:00:00Z,Joiner,WDC.OQ
.SPX,2009-07-01T00:00:00Z,Leaver,TT.N
.SPX,2009-07-01T00:00:00Z,Joiner,PWR.N
.SPX,2009-07-01T00:00:00Z,Leaver,EQ.N^G09
.SPX,2009-06-30T00:00:00Z,Joiner,TMUS.OQ
.SPX,2009-06-26T00:00:00Z,Leaver,TEL.N
.SPX,2009-06-09T00:00:00Z,Joiner,ATGE.N
.SPX,2009-06-05T00:00:00Z,Leaver,COV.N^A15
.SPX,2009-06-05T00:00:00Z,Joiner,FTI.N^A17
.SPX,2009-06-03T00:00:00Z,Leaver,GM.N^F09
.SPX,2009-04-02T00:00:00Z,Joiner,DNR.N^G20
.SPX,2009-04-02T00:00:00Z,Leaver,ROH.N^D09
.SPX,2009-03-30T00:00:00Z,Joiner,TWC.N^E16
.SPX,2009-03-30T00:00:00Z,Leaver,SITC.N
.SPX,2009-03-27T00:00:00Z,Joiner,ORLY.OQ
.SPX,2009-03-27T00:00:00Z,Leaver,NE.N^H20
.SPX,2009-03-17T00:00:00Z,Joiner,ES.N
.SPX,2009-03-17T00:00:00Z,Leaver,JCI.N
.SPX,2009-03-04T00:00:00Z,Joiner,VTR.N
.SPX,2009-03-04T00:00:00Z,Joiner,HRL.N
.SPX,2009-03-04T00:00:00Z,Leaver,JNY.N^D14
.SPX,2009-03-04T00:00:00Z,Leaver,ACAS.OQ^A17
.SPX,2009-02-26T00:00:00Z,Joiner,DO.N^D20
.SPX,2009-02-26T00:00:00Z,Leaver,WFT.N^E19
.SPX,2009-01-30T00:00:00Z,Joiner,WELL.N
.SPX,2009-01-30T00:00:00Z,Leaver,SOV.N^A09
.SPX,2009-01-06T00:00:00Z,Joiner,IRM.N
.SPX,2009-01-06T00:00:00Z,Leaver,UST.N^A09
.SPX,2009-01-02T00:00:00Z,Leaver,MER.N^A09
.SPX,2009-01-02T00:00:00Z,Joiner,SCG.N^A19
.SPX,2009-01-02T00:00:00Z,Leaver,NCC.N^A09
.SPX,2009-01-02T00:00:00Z,Leaver,WB.N^A09
.SPX,2009-01-02T00:00:00Z,Joiner,FLIR.OQ^E21
.SPX,2009-01-02T00:00:00Z,Joiner,OI.N
.SPX,2008-12-23T00:00:00Z,Joiner,MFE.N^C11
.SPX,2008-12-23T00:00:00Z,Leaver,BRL.N^L08
.SPX,2008-12-19T00:00:00Z,Joiner,EQT.N
.SPX,2008-12-19T00:00:00Z,Leaver,RIG.N
.SPX,2008-12-05T00:00:00Z,Joiner,RSG.N
.SPX,2008-12-05T00:00:00Z,Leaver,AW.N^L08
.SPX,2008-12-02T00:00:00Z,Joiner,DNB.N^B19
.SPX,2008-12-02T00:00:00Z,Leaver,KATE.N^G17
.SPX,2008-11-24T00:00:00Z,Joiner,LIFE.OQ^B14
.SPX,2008-11-24T00:00:00Z,Leaver,ABI.N^K08
.SPX,2008-11-19T00:00:00Z,Joiner,SRCL.OQ
.SPX,2008-11-19T00:00:00Z,Leaver,BUD.N^K08
.SPX,2008-11-17T00:00:00Z,Joiner,CEPH.OQ^J11
.SPX,2008-11-14T00:00:00Z,Joiner,WYNN.OQ
.SPX,2008-11-14T00:00:00Z,Joiner,XRAY.OQ
.SPX,2008-11-14T00:00:00Z,Leaver,HPC.N^K08
.SPX,2008-11-14T00:00:00Z,Leaver,ASH.N
.SPX,2008-11-13T00:00:00Z,Joiner,PBCT.OQ^D22
.SPX,2008-11-13T00:00:00Z,Leaver,GGP.N^D09
.SPX,2008-11-11T00:00:00Z,Leaver,UIS.N
.SPX,2008-11-06T00:00:00Z,Leaver,TEX.N
.SPX,2008-11-06T00:00:00Z,Joiner,SJM.N
.SPX,2008-10-31T00:00:00Z,Leaver,MTG.N
.SPX,2008-10-31T00:00:00Z,Joiner,WEC.N
.SPX,2008-10-22T00:00:00Z,Joiner,NDAQ.OQ
.SPX,2008-10-22T00:00:00Z,Leaver,DDS.N
.SPX,2008-10-07T00:00:00Z,Leaver,WWY.N^J08
.SPX,2008-10-07T00:00:00Z,Joiner,KDP.OQ
.SPX,2008-10-02T00:00:00Z,Joiner,FLS.N
.SPX,2008-09-30T00:00:00Z,Leaver,WEN.N^I08
.SPX,2008-09-30T00:00:00Z,Joiner,APH.N
.SPX,2008-09-29T00:00:00Z,Leaver,WM.N^I08
.SPX,2008-09-24T00:00:00Z,Joiner,PXD.N
.SPX,2008-09-23T00:00:00Z,Leaver,SAF.N^I08
.SPX,2008-09-22T00:00:00Z,Joiner,LHX.N
.SPX,2008-09-17T00:00:00Z,Leaver,LEH.N^I08
.SPX,2008-09-15T00:00:00Z,Joiner,CRM.N
.SPX,2008-09-15T00:00:00Z,Joiner,FAST.OQ
.SPX,2008-09-11T00:00:00Z,Leaver,FRE.N^G10
.SPX,2008-09-11T00:00:00Z,Leaver,FNM.N^G10
.SPX,2008-08-27T00:00:00Z,Leaver,EDS.N^H08
.SPX,2008-08-27T00:00:00Z,Joiner,CF.N
.SPX,2008-08-21T00:00:00Z,Leaver,IAC.OQ
.SPX,2008-08-21T00:00:00Z,Joiner,IVZ.N
.SPX,2008-07-31T00:00:00Z,Leaver,CCU.N^G08
.SPX,2008-07-31T00:00:00Z,Joiner,DVA.N
.SPX,2008-07-18T00:00:00Z,Leaver,CB.N
.SPX,2008-07-18T00:00:00Z,Joiner,MA.N
.SPX,2008-07-01T00:00:00Z,Leaver,CFC.N^G08
.SPX,2008-07-01T00:00:00Z,Joiner,AKS.N^C20
.SPX,2008-07-01T00:00:00Z,Joiner,SNI.OQ^C18
.SPX,2008-07-01T00:00:00Z,Leaver,SSP.OQ
.SPX,2008-06-23T00:00:00Z,Joiner,CTRA.N
.SPX,2008-06-23T00:00:00Z,Leaver,BC.N
.SPX,2008-06-23T00:00:00Z,Leaver,OMX.N^K13
.SPX,2008-06-23T00:00:00Z,Joiner,MEE.N^F11
.SPX,2008-06-11T00:00:00Z,Joiner,LO.N^F15
.SPX,2008-06-11T00:00:00Z,Leaver,ABK.N^K10
.SPX,2008-06-06T00:00:00Z,Joiner,SWN.N
.SPX,2008-06-06T00:00:00Z,Leaver,TT.N^F08
.SPX,2008-06-02T00:00:00Z,Leaver,BSC.N^F08
.SPX,2008-06-02T00:00:00Z,Joiner,ISRG.OQ
.SPX,2008-03-31T00:00:00Z,Joiner,PM.N
.SPX,2008-03-31T00:00:00Z,Leaver,CC.N^K08
.SPX,2008-03-31T00:00:00Z,Leaver,CBH.N^D08
.SPX,2008-03-31T00:00:00Z,Joiner,PEAK.N
.SPX,2008-01-29T00:00:00Z,Joiner,CAM.N^D16
.SPX,2008-01-29T00:00:00Z,Leaver,HET.N^A08
.SPX,2008-01-02T00:00:00Z,Leaver,SNV.N
.SPX,2008-01-02T00:00:00Z,Joiner,TSS.N^I19
.SPX,2007-12-31T00:00:00Z,Leaver,TIN.N^B12
.SPX,2007-12-31T00:00:00Z,Joiner,GHC.N
.SPX,2007-12-21T00:00:00Z,Joiner,RRC.N
.SPX,2007-12-21T00:00:00Z,Leaver,TRB.N^L07
.SPX,2007-12-14T00:00:00Z,Joiner,GME.N
.SPX,2007-12-14T00:00:00Z,Leaver,DJ.N^L07
.SPX,2007-11-19T00:00:00Z,Joiner,AMT.N
.SPX,2007-11-19T00:00:00Z,Leaver,AT.N^K07
.SPX,2007-11-16T00:00:00Z,Joiner,MTW.N
.SPX,2007-11-16T00:00:00Z,Leaver,TEK.N^K07
.SPX,2007-11-09T00:00:00Z,Leaver,HCR.N^L07
.SPX,2007-11-09T00:00:00Z,Joiner,POM.N^C16
.SPX,2007-10-29T00:00:00Z,Joiner,TIE.N^A13
.SPX,2007-10-29T00:00:00Z,Leaver,BOL.N^J07
.SPX,2007-10-26T00:00:00Z,Leaver,AV.N^J07
.SPX,2007-10-26T00:00:00Z,Joiner,J.N
.SPX,2007-10-25T00:00:00Z,Leaver,HLT.N^J07
.SPX,2007-10-25T00:00:00Z,Joiner,NYX.N^K13
.SPX,2007-10-10T00:00:00Z,Leaver,TXU.N^J07
.SPX,2007-10-10T00:00:00Z,Joiner,EXPD.OQ
.SPX,2007-10-08T00:00:00Z,Leaver,ASN.N^J07
.SPX,2007-10-08T00:00:00Z,Joiner,NBL.OQ^J20
.SPX,2007-10-02T00:00:00Z,Joiner,EXPE.OQ
.SPX,2007-10-02T00:00:00Z,Leaver,SLR.N^J07
.SPX,2007-10-01T00:00:00Z,Joiner,TDC.N
.SPX,2007-10-01T00:00:00Z,Leaver,NCR.N
.SPX,2007-09-27T00:00:00Z,Leaver,MXIM.OQ^J07
.SPX,2007-09-27T00:00:00Z,Joiner,ANDV.N^J18
.SPX,2007-09-26T00:00:00Z,Joiner,ICE.N
.SPX,2007-09-25T00:00:00Z,Leaver,FDC.N^I07
.SPX,2007-09-07T00:00:00Z,Joiner,MCHP.OQ
.SPX,2007-09-07T00:00:00Z,Leaver,CBSS.OQ^I07
.SPX,2007-08-27T00:00:00Z,Joiner,JEF.N
.SPX,2007-08-27T00:00:00Z,Leaver,KSE.N^H07
.SPX,2007-07-12T00:00:00Z,Leaver,BMET.OQ^J07
.SPX,2007-07-12T00:00:00Z,Joiner,AKAM.OQ
.SPX,2007-07-09T00:00:00Z,Joiner,ACAS.OQ^A17
.SPX,2007-07-09T00:00:00Z,Leaver,DG.N^G07
.SPX,2007-07-02T00:00:00Z,Joiner,JCI.N
.SPX,2007-07-02T00:00:00Z,Joiner,COV.N^A15
.SPX,2007-07-02T00:00:00Z,Joiner,GGP.N^D09
.SPX,2007-07-02T00:00:00Z,Joiner,TEL.N
.SPX,2007-07-02T00:00:00Z,Joiner,DFS.N
.SPX,2007-07-02T00:00:00Z,Leaver,MEL.N^G07
.SPX,2007-07-02T00:00:00Z,Leaver,PMCS.OQ^A16
.SPX,2007-07-02T00:00:00Z,Leaver,JCI.N
.SPX,2007-07-02T00:00:00Z,Leaver,ADCT.OQ^L10
.SPX,2007-07-02T00:00:00Z,Leaver,SANM.OQ
.SPX,2007-06-01T00:00:00Z,Leaver,MEDI.OQ^F07
.SPX,2007-06-01T00:00:00Z,Joiner,PCP.N^B16
.SPX,2007-05-31T00:00:00Z,Leaver,KMI.N^E07
.SPX,2007-05-30T00:00:00Z,Joiner,SUNE.N^D16
.SPX,2007-04-10T00:00:00Z,Leaver,H.N^D07
.SPX,2007-04-10T00:00:00Z,Joiner,AIZ.N
.SPX,2007-04-02T00:00:00Z,Leaver,TSG.N^D07
.SPX,2007-04-02T00:00:00Z,Joiner,MDLZ.OQ
.SPX,2007-03-29T00:00:00Z,Leaver,UVN.N^C07
.SPX,2007-03-29T00:00:00Z,Joiner,ANF.N
.SPX,2007-03-23T00:00:00Z,Joiner,SITC.N
.SPX,2007-03-22T00:00:00Z,Leaver,CMX.N^C07
.SPX,2007-03-20T00:00:00Z,Joiner,HST.OQ
.SPX,2007-03-20T00:00:00Z,Leaver,PD.N^C07
.SPX,2007-03-02T00:00:00Z,Leaver,HMA.N^A14
.SPX,2007-03-02T00:00:00Z,Joiner,CHRW.OQ
.SPX,2007-02-22T00:00:00Z,Leaver,PGL.N^B07
.SPX,2007-02-22T00:00:00Z,Joiner,TEG.N^F15
.SPX,2007-02-15T00:00:00Z,Leaver,APCC.OQ^B07
.SPX,2007-02-15T00:00:00Z,Joiner,HCBK.OQ^K15
.SPX,2007-02-12T00:00:00Z,Leaver,EOP.N^B07
.SPX,2007-02-12T00:00:00Z,Joiner,VAR.N^D21
.SPX,2007-02-02T00:00:00Z,Joiner,RL.N
.SPX,2007-02-01T00:00:00Z,Leaver,CMVT.OQ^B07
.SPX,2007-01-10T00:00:00Z,Leaver,SBL.N^A07
.SPX,2007-01-10T00:00:00Z,Joiner,AVB.N
.SPX,2007-01-04T00:00:00Z,Joiner,VAL.N^H20
.SPX,2007-01-03T00:00:00Z,Leaver,BLS.N^A07
.SPX,2007-01-03T00:00:00Z,Leaver,PTC.OQ
.SPX,2007-01-03T00:00:00Z,Joiner,SE.N^B17
.SPX,2006-12-20T00:00:00Z,Leaver,NAV.N^B07
.SPX,2006-12-20T00:00:00Z,Joiner,TEX.N
.SPX,2006-12-04T00:00:00Z,Joiner,DTV.OQ^G15
.SPX,2006-12-04T00:00:00Z,Leaver,FSLb.N^L06
.SPX,2006-12-01T00:00:00Z,Leaver,NFB.N^L06
.SPX,2006-12-01T00:00:00Z,Leaver,LU.N^L06
.SPX,2006-12-01T00:00:00Z,Joiner,STR.N^I16
.SPX,2006-12-01T00:00:00Z,Joiner,IAC.OQ
.SPX,2006-11-20T00:00:00Z,Leaver,HCA.N^K06
.SPX,2006-11-20T00:00:00Z,Joiner,BTU.N^D16
.SPX,2006-11-17T00:00:00Z,Joiner,CTSH.OQ
.SPX,2006-11-17T00:00:00Z,Leaver,ACV.N^K06
.SPX,2006-11-10T00:00:00Z,Leaver,LPX.N
.SPX,2006-11-10T00:00:00Z,Leaver,FSH.N^K06
.SPX,2006-11-10T00:00:00Z,Joiner,FIS.N
.SPX,2006-11-10T00:00:00Z,Joiner,CBRE.N
.SPX,2006-11-06T00:00:00Z,Joiner,CELG.OQ^K19
.SPX,2006-11-06T00:00:00Z,Leaver,ASO.N^K06
.SPX,2006-10-02T00:00:00Z,Leaver,ANDW.OQ^A08
.SPX,2006-10-02T00:00:00Z,Leaver,GDW.N^J06
.SPX,2006-10-02T00:00:00Z,Joiner,SII.N^H10
.SPX,2006-10-02T00:00:00Z,Joiner,WU.N
.SPX,2006-08-11T00:00:00Z,Joiner,CME.OQ
.SPX,2006-08-11T00:00:00Z,Leaver,KMG.N^H06
.SPX,2006-08-01T00:00:00Z,Leaver,GTW.N^J07
.SPX,2006-08-01T00:00:00Z,Leaver,CAR.OQ
.SPX,2006-08-01T00:00:00Z,Joiner,TNL.N
.SPX,2006-08-01T00:00:00Z,Joiner,H.N^D07
.SPX,2006-07-18T00:00:00Z,Leaver,CTB.N^F21
.SPX,2006-07-18T00:00:00Z,Joiner,WIN.OQ^C19
.SPX,2006-06-28T00:00:00Z,Joiner,CNX.N
.SPX,2006-06-28T00:00:00Z,Leaver,KRI.N^F06
.SPX,2006-06-06T00:00:00Z,Leaver,EC.N^F06
.SPX,2006-06-06T00:00:00Z,Joiner,CBH.N^D08
.SPX,2006-06-02T00:00:00Z,Leaver,ABS.N^F06
.SPX,2006-06-02T00:00:00Z,Joiner,JNPR.N
.SPX,2006-05-18T00:00:00Z,Leaver,AMCC.OQ^A17
.SPX,2006-05-18T00:00:00Z,Joiner,EQ.N^G09
.SPX,2006-04-24T00:00:00Z,Joiner,LM.N^H20
.SPX,2006-04-24T00:00:00Z,Leaver,GDT.N^D06
.SPX,2006-04-20T00:00:00Z,Leaver,CHIR.OQ^D06
.SPX,2006-04-20T00:00:00Z,Joiner,SNDK.OQ^E16
.SPX,2006-04-03T00:00:00Z,Joiner,GOOGL.OQ
.SPX,2006-04-03T00:00:00Z,Joiner,BXP.N
.SPX,2006-04-03T00:00:00Z,Joiner,KIM.N
.SPX,2006-04-03T00:00:00Z,Joiner,DF.N^K19
.SPX,2006-04-03T00:00:00Z,Leaver,CIN.N^D06
.SPX,2006-04-03T00:00:00Z,Leaver,JP.N^D06
.SPX,2006-04-03T00:00:00Z,Leaver,BR.N^D06
.SPX,2006-04-03T00:00:00Z,Leaver,MYG.N^D06
.SPX,2006-03-03T00:00:00Z,Leaver,DCN.N^C06
.SPX,2006-03-03T00:00:00Z,Joiner,CHK.N^F20
.SPX,2006-02-27T00:00:00Z,Joiner,BRL.N^L08
.SPX,2006-02-27T00:00:00Z,Leaver,SFA.N^B06
.SPX,2006-02-01T00:00:00Z,Joiner,HAR.N^C17
.SPX,2006-02-01T00:00:00Z,Leaver,SEBL.OQ^B06
.SPX,2006-02-01T00:00:00Z,Joiner,VRSN.OQ
.SPX,2006-02-01T00:00:00Z,Leaver,RBK.N^B06
.SPX,2006-01-05T00:00:00Z,Joiner,EL.N
.SPX,2006-01-04T00:00:00Z,Leaver,MERQE.OQ^A06
.SPX,2006-01-03T00:00:00Z,Leaver,PARA.OQ
.SPX,2006-01-03T00:00:00Z,Joiner,PARA.OQ
.SPX,2006-01-03T00:00:00Z,Joiner,WFM.OQ^H17
.SPX,2006-01-03T00:00:00Z,Leaver,VC.N^C09
.SPX,2006-01-03T00:00:00Z,Joiner,VIAB.OQ^L19
.SPX,2006-01-03T00:00:00Z,Leaver,KRB.N^A06
.SPX,2005-12-20T00:00:00Z,Joiner,SSP.OQ
.SPX,2005-12-20T00:00:00Z,Leaver,GP.N^L05
.SPX,2005-12-02T00:00:00Z,Joiner,GNW.N
.SPX,2005-12-02T00:00:00Z,Leaver,CPN.N^L05
.SPX,2005-11-21T00:00:00Z,Joiner,AMZN.OQ
.SPX,2005-11-21T00:00:00Z,Leaver,T.N^K05
.SPX,2005-10-11T00:00:00Z,Joiner,PDCO.OQ
.SPX,2005-10-11T00:00:00Z,Leaver,DPH.N^J05
.SPX,2005-10-04T00:00:00Z,Joiner,LEN.N
.SPX,2005-10-03T00:00:00Z,Leaver,PVN.N^J05
.SPX,2005-10-03T00:00:00Z,Leaver,G.N^J05
.SPX,2005-10-03T00:00:00Z,Joiner,AMP.N
.SPX,2005-08-30T00:00:00Z,Leaver,MAY.N^H05
.SPX,2005-08-30T00:00:00Z,Joiner,CVH.N^E13
.SPX,2005-08-19T00:00:00Z,Leaver,DAL.N^J05
.SPX,2005-08-19T00:00:00Z,Joiner,PSA.N
.SPX,2005-08-15T00:00:00Z,Leaver,NXTL.OQ^H05
.SPX,2005-08-15T00:00:00Z,Joiner,MUR.N
.SPX,2005-08-12T00:00:00Z,Joiner,VNO.N
.SPX,2005-08-12T00:00:00Z,Leaver,SDS.N^H05
.SPX,2005-08-11T00:00:00Z,Leaver,UCL.N^H05
.SPX,2005-08-11T00:00:00Z,Joiner,TSN.N
.SPX,2005-07-21T00:00:00Z,Leaver,TOY.N^G05
.SPX,2005-07-21T00:00:00Z,Joiner,WFT.N^E19
.SPX,2005-07-05T00:00:00Z,Joiner,DHI.N
.SPX,2005-07-05T00:00:00Z,Leaver,VRTS.OQ^G05
.SPX,2005-07-05T00:00:00Z,Joiner,STZ.N
.SPX,2005-07-05T00:00:00Z,Leaver,GLK.N^G05
.SPX,2005-03-25T00:00:00Z,Joiner,SHLD.OQ^J18
.SPX,2005-03-25T00:00:00Z,Leaver,S.N^C05
.SPX,2005-03-11T00:00:00Z,Leaver,PWER.OQ^G13
.SPX,2005-03-11T00:00:00Z,Joiner,NOV.N
.SPX,2004-12-29T00:00:00Z,Leaver,PSFT.OQ^A05
.SPX,2004-12-29T00:00:00Z,Joiner,XTO.N^F10
.SPX,2004-12-20T00:00:00Z,Joiner,CBSS.OQ^I07
.SPX,2004-12-20T00:00:00Z,Leaver,DLX.N
.SPX,2004-12-20T00:00:00Z,Leaver,WOR.N
.SPX,2004-12-20T00:00:00Z,Leaver,CR.N
.SPX,2004-12-20T00:00:00Z,Joiner,ASN.N^J07
.SPX,2004-12-20T00:00:00Z,Joiner,TFCFA.OQ^C19
.SPX,2004-12-03T00:00:00Z,Leaver,WIN.N^B05
.SPX,2004-12-03T00:00:00Z,Joiner,FSLb.N^L06
.SPX,2004-12-01T00:00:00Z,Leaver,WLP.N^L04
.SPX,2004-12-01T00:00:00Z,Joiner,LLL.N^G19
.SPX,2004-11-01T00:00:00Z,Joiner,LH.N
.SPX,2004-11-01T00:00:00Z,Leaver,SOTR.OQ^K04
.SPX,2004-10-27T00:00:00Z,Leaver,AWE.N^J04
.SPX,2004-10-27T00:00:00Z,Joiner,CIT.N^K09
.SPX,2004-08-31T00:00:00Z,Leaver,CF.N^H04
.SPX,2004-08-31T00:00:00Z,Joiner,TPR.N
.SPX,2004-08-03T00:00:00Z,Joiner,FSH.N^K06
.SPX,2004-08-03T00:00:00Z,Leaver,TNB.N^E12
.SPX,2004-07-01T00:00:00Z,Joiner,GILD.OQ
.SPX,2004-07-01T00:00:00Z,Joiner,SOV.N^A09
.SPX,2004-07-01T00:00:00Z,Leaver,ONE.N^G04
.SPX,2004-07-01T00:00:00Z,Leaver,UPC.N^G04
.SPX,2004-05-03T00:00:00Z,Joiner,HSP.N^I15
.SPX,2004-05-03T00:00:00Z,Leaver,AM.N^H13
.SPX,2004-04-29T00:00:00Z,Joiner,VLO.N
.SPX,2004-04-29T00:00:00Z,Leaver,JHF.N^D04
.SPX,2004-04-23T00:00:00Z,Joiner,VTRS.OQ
.SPX,2004-04-23T00:00:00Z,Leaver,PCS.N^D04
.SPX,2004-04-02T00:00:00Z,Leaver,TAPb.N^D04
.SPX,2004-04-02T00:00:00Z,Joiner,ACS.N^B10
.SPX,2004-04-01T00:00:00Z,Joiner,ETFC.OQ^J20
.SPX,2004-04-01T00:00:00Z,Leaver,FBF.N^D04
.SPX,2004-03-25T00:00:00Z,Leaver,TUP.N
.SPX,2004-03-25T00:00:00Z,Joiner,CMX.N^C07
.SPX,2004-02-27T00:00:00Z,Joiner,MTB.N
.SPX,2004-02-27T00:00:00Z,Leaver,CE.N^B04
.SPX,2003-11-28T00:00:00Z,Joiner,PEG.N
.SPX,2003-11-28T00:00:00Z,Leaver,PEG.N
.SPX,2003-11-13T00:00:00Z,Leaver,BGEN.OQ^K03
.SPX,2003-11-13T00:00:00Z,Joiner,BIIB.OQ
.SPX,2003-09-26T00:00:00Z,Joiner,ESRX.OQ^L18
.SPX,2003-09-26T00:00:00Z,Leaver,QTRN.OQ^I03
.SPX,2003-08-20T00:00:00Z,Leaver,MDR.N^A20
.SPX,2003-08-20T00:00:00Z,Leaver,MHS_w.N^H03
.SPX,2003-08-20T00:00:00Z,Joiner,MHS.N^D12
.SPX,2003-08-20T00:00:00Z,Joiner,MHS_w.N^H03
.SPX,2003-07-17T00:00:00Z,Joiner,PLD.N^F11
.SPX,2003-07-17T00:00:00Z,Leaver,MIR.N^G03
.SPX,2003-04-16T00:00:00Z,Joiner,FHI.N
.SPX,2003-04-16T00:00:00Z,Leaver,PHA.N^D03
.SPX,2003-04-02T00:00:00Z,Leaver,MWW.N^K16
.SPX,2003-04-02T00:00:00Z,Joiner,MWW.N^K16
.SPX,2003-03-31T00:00:00Z,Leaver,HI.N^C03
.SPX,2003-03-31T00:00:00Z,Joiner,NLOK.OQ
.SPX,2003-03-21T00:00:00Z,Joiner,MKC.N
.SPX,2003-03-21T00:00:00Z,Leaver,HRC.N^C03
.SPX,2003-03-14T00:00:00Z,Joiner,AIV.N
.SPX,2003-03-14T00:00:00Z,Leaver,AMR.N^A12
.SPX,2003-02-24T00:00:00Z,Joiner,AN.N
.SPX,2002-12-12T00:00:00Z,Joiner,DGX.N
.SPX,2002-12-12T00:00:00Z,Leaver,TRW.N^L02
.SPX,2002-11-19T00:00:00Z,Leaver,CMCSK.OQ^L15
.SPX,2002-11-19T00:00:00Z,Joiner,CMCSA.OQ
.SPX,2002-09-04T00:00:00Z,Joiner,RAI.N^G17
.SPX,2002-09-03T00:00:00Z,Leaver,COC.N^H02
.SPX,2002-08-21T00:00:00Z,Leaver,VTSS.OQ^F06
.SPX,2002-08-21T00:00:00Z,Joiner,TAPb.N^D04
.SPX,2002-08-14T00:00:00Z,Leaver,PALM.OQ^G10
.SPX,2002-08-14T00:00:00Z,Joiner,MON.N^F18
.SPX,2002-07-25T00:00:00Z,Leaver,CNC.N^H02
.SPX,2002-07-25T00:00:00Z,Joiner,ELV.N
.SPX,2002-07-22T00:00:00Z,Joiner,UPS.N
.SPX,2002-07-22T00:00:00Z,Joiner,PFG.OQ
.SPX,2002-07-22T00:00:00Z,Joiner,SDS.N^H05
.SPX,2002-07-22T00:00:00Z,Joiner,EBAY.OQ
.SPX,2002-07-22T00:00:00Z,Leaver,GOLD.N
.SPX,2002-07-22T00:00:00Z,Joiner,GS.N
.SPX,2002-07-22T00:00:00Z,Joiner,PRU.N
.SPX,2002-07-22T00:00:00Z,Joiner,EA.OQ
.SPX,2002-07-22T00:00:00Z,Leaver,NT.N^A09
.SPX,2002-07-22T00:00:00Z,Leaver,N.N^K06
.SPX,2002-07-22T00:00:00Z,Leaver,UN.N^K20
.SPX,2002-07-22T00:00:00Z,Leaver,SHEL.N
.SPX,2002-07-22T00:00:00Z,Leaver,PDG.N^C06
.SPX,2002-07-22T00:00:00Z,Leaver,AL.N^K07
.SPX,2002-07-17T00:00:00Z,Joiner,NFB.N^L06
.SPX,2002-07-17T00:00:00Z,Leaver,IMNX.O^G02
.SPX,2002-06-26T00:00:00Z,Leaver,CNXT.OQ^D11
.SPX,2002-06-26T00:00:00Z,Joiner,SPG.N
.SPX,2002-05-15T00:00:00Z,Leaver,WCOEQ.OQ^G02
.SPX,2002-05-15T00:00:00Z,Joiner,BJS.N^D10
.SPX,2002-05-15T00:00:00Z,Joiner,APOL.OQ^B17
.SPX,2002-05-15T00:00:00Z,Leaver,U.N^H02
.SPX,2002-05-13T00:00:00Z,Leaver,SAPE.OQ^B15
.SPX,2002-05-13T00:00:00Z,Joiner,TT.N^F08
.SPX,2002-05-06T00:00:00Z,Joiner,FHN.N
.SPX,2002-02-11T00:00:00Z,Joiner,MI.N^G11
.SPX,2002-02-08T00:00:00Z,Leaver,WLL.N^C02
.SPX,2002-02-01T00:00:00Z,Leaver,NMK.N^A02
.SPX,2002-01-30T00:00:00Z,Joiner,MWV.N^G15
.SPX,2002-01-30T00:00:00Z,Joiner,CB.N
.SPX,2002-01-29T00:00:00Z,Leaver,MEA.N^A02
.SPX,2002-01-17T00:00:00Z,Leaver,KM.N^L02
.SPX,2002-01-17T00:00:00Z,Joiner,PCL.N^B16
.SPX,2002-01-02T00:00:00Z,Joiner,WAT.N
.SPX,2002-01-02T00:00:00Z,Leaver,FMC.N
.SPX,2001-12-17T00:00:00Z,Leaver,HM.N^L01
.SPX,2001-12-17T00:00:00Z,Joiner,JNY.N^D14
.SPX,2001-12-14T00:00:00Z,Joiner,GENZ.OQ^D11
.SPX,2001-12-13T00:00:00Z,Leaver,RAL.N^L01
.SPX,2001-12-03T00:00:00Z,Leaver,NSI.N^H03
.SPX,2001-12-03T00:00:00Z,Joiner,EQR.N
.SPX,2001-11-30T00:00:00Z,Joiner,NVDA.OQ
.SPX,2001-11-30T00:00:00Z,Leaver,ENE.N^A02
.SPX,2001-11-07T00:00:00Z,Joiner,HMA.N^A14
.SPX,2001-11-07T00:00:00Z,Leaver,GPU.N^K01
.SPX,2001-10-10T00:00:00Z,Leaver,GX.N^A02
.SPX,2001-10-10T00:00:00Z,Joiner,EOP.N^B07
.SPX,2001-10-10T00:00:00Z,Joiner,TE.N^G16
.SPX,2001-10-10T00:00:00Z,Leaver,TX.N^J01
.SPX,2001-09-21T00:00:00Z,Joiner,IMNX.O^G02
.SPX,2001-09-18T00:00:00Z,Leaver,TOS.N^I01
.SPX,2001-09-04T00:00:00Z,Leaver,BVSN.OQ^C06
.SPX,2001-09-04T00:00:00Z,Joiner,IGT.N^D15
.SPX,2001-09-04T00:00:00Z,Joiner,XL.N^I18
.SPX,2001-08-31T00:00:00Z,Leaver,WB.N^H01
.SPX,2001-08-30T00:00:00Z,Leaver,OKE.N
.SPX,2001-08-30T00:00:00Z,Joiner,ABC.N
.SPX,2001-08-30T00:00:00Z,Joiner,CIEN.N
.SPX,2001-08-30T00:00:00Z,Leaver,AGC.N^H01
.SPX,2001-08-07T00:00:00Z,Leaver,TKR.N
.SPX,2001-08-07T00:00:00Z,Joiner,ZBH.N
.SPX,2001-08-06T00:00:00Z,Joiner,FDO.N^G15
.SPX,2001-08-03T00:00:00Z,Joiner,PMCS.OQ^A16
.SPX,2001-08-03T00:00:00Z,Leaver,OAT.N^H01
.SPX,2001-07-09T00:00:00Z,Leaver,PCH.OQ
.SPX,2001-07-09T00:00:00Z,Joiner,AWE.N^J04
.SPX,2001-07-02T00:00:00Z,Joiner,COL.N^K18
.SPX,2001-07-02T00:00:00Z,Leaver,LDG.N^J08
.SPX,2001-06-28T00:00:00Z,Leaver,H.N^G01
.SPX,2001-06-28T00:00:00Z,Joiner,JHF.N^D04
.SPX,2001-06-25T00:00:00Z,Joiner,ZION.OQ
.SPX,2001-06-25T00:00:00Z,Leaver,AZA.N^F01
.SPX,2001-06-11T00:00:00Z,Leaver,MCWEQ.OQ^G02
.SPX,2001-06-08T00:00:00Z,Joiner,MCWEQ.OQ^G02
.SPX,2001-06-04T00:00:00Z,Joiner,MWW.N^K16
.SPX,2001-06-04T00:00:00Z,Leaver,CIT.N^F01
.SPX,2001-05-14T00:00:00Z,Joiner,PBG.N^C10
.SPX,2001-05-14T00:00:00Z,Leaver,ADPT.OQ^H10
.SPX,2001-04-03T00:00:00Z,Joiner,MIR.N^G03
.SPX,2001-04-03T00:00:00Z,Leaver,BGG.N^G20
.SPX,2001-04-02T00:00:00Z,Leaver,CEN.N^K07
.SPX,2001-04-02T00:00:00Z,Joiner,FISV.OQ
.SPX,2001-04-02T00:00:00Z,Joiner,CE.N^B04
.SPX,2001-04-02T00:00:00Z,Leaver,OK.N^D01
.SPX,2001-03-01T00:00:00Z,Joiner,CTAS.OQ
.SPX,2001-03-01T00:00:00Z,Leaver,SUB.N^C01
.SPX,2001-02-27T00:00:00Z,Leaver,FSR.N^B01
.SPX,2001-02-27T00:00:00Z,Joiner,FTR.OQ^D20
.SPX,2001-02-07T00:00:00Z,Leaver,UK.N^B01
.SPX,2001-02-07T00:00:00Z,Joiner,UVN.N^C07
.SPX,2001-01-30T00:00:00Z,Joiner,JBL.N
.SPX,2001-01-30T00:00:00Z,Leaver,CGP.N^A01
.SPX,2001-01-16T00:00:00Z,Joiner,NE.N^H20
.SPX,2001-01-16T00:00:00Z,Leaver,TWX.N^A01
.SPX,2001-01-02T00:00:00Z,Joiner,AMCC.OQ^A17
.SPX,2001-01-02T00:00:00Z,Leaver,FLR_w.N^L00
.SPX,2000-12-22T00:00:00Z,Joiner,FLR.N
.SPX,2000-12-22T00:00:00Z,Leaver,MEE.N^F11
.SPX,2000-12-22T00:00:00Z,Joiner,FLR_w.N^L00
.SPX,2000-12-18T00:00:00Z,Leaver,AET_w.N^L00
.SPX,2000-12-18T00:00:00Z,Joiner,AET.N^K18
.SPX,2000-12-14T00:00:00Z,Leaver,AET.N^K18
.SPX,2000-12-14T00:00:00Z,Joiner,AET_w.N^L00
.SPX,2000-12-12T00:00:00Z,Joiner,KMI.N^E07
.SPX,2000-12-12T00:00:00Z,Joiner,QLGC.OQ^H16
.SPX,2000-12-12T00:00:00Z,Leaver,RML.N^H06
.SPX,2000-12-12T00:00:00Z,Leaver,PRD.N^J01
.SPX,2000-12-12T00:00:00Z,Leaver,SMI.N^I01
.SPX,2000-12-12T00:00:00Z,Leaver,NGH.N^L00
.SPX,2000-12-12T00:00:00Z,Joiner,SYK.N
.SPX,2000-12-12T00:00:00Z,Joiner,VTSS.OQ^F06
.SPX,2000-12-11T00:00:00Z,Joiner,INTU.OQ
.SPX,2000-12-11T00:00:00Z,Joiner,AYE.N^B11
.SPX,2000-12-11T00:00:00Z,Joiner,SBL.N^A07
.SPX,2000-12-11T00:00:00Z,Leaver,VO.N^L00
.SPX,2000-12-11T00:00:00Z,Leaver,BHMSQ.OB^A04
.SPX,2000-12-11T00:00:00Z,Leaver,GRA.N^I21
.SPX,2000-12-11T00:00:00Z,Leaver,CCK.N
.SPX,2000-12-11T00:00:00Z,Leaver,OI.N
.SPX,2000-12-11T00:00:00Z,Joiner,MET.N
.SPX,2000-12-11T00:00:00Z,Joiner,ABK.N^K10
.SPX,2000-12-05T00:00:00Z,Joiner,RHI.N
.SPX,2000-12-04T00:00:00Z,Leaver,AFS.N^L00
.SPX,2000-12-01T00:00:00Z,Joiner,CPN.N^L05
.SPX,2000-12-01T00:00:00Z,Leaver,FPC.N^K00
.SPX,2000-11-24T00:00:00Z,Joiner,CHIR.OQ^D06
.SPX,2000-11-24T00:00:00Z,Leaver,FJ.N^K00
.SPX,2000-11-22T00:00:00Z,Leaver,SEG.N^K00
.SPX,2000-11-22T00:00:00Z,Joiner,FRX.N^G14
.SPX,2000-11-17T00:00:00Z,Joiner,HOT.N^I16
.SPX,2000-11-06T00:00:00Z,Leaver,PWJ.N^K00
.SPX,2000-11-06T00:00:00Z,Joiner,BVSN.OQ^C06
.SPX,2000-11-02T00:00:00Z,Joiner,EOG.N
.SPX,2000-11-02T00:00:00Z,Leaver,EFU.N^K00
.SPX,2000-11-02T00:00:00Z,Leaver,CG.N^K00
.SPX,2000-11-02T00:00:00Z,Joiner,NI.N
.SPX,2000-10-23T00:00:00Z,Leaver,UCM.N^J00
.SPX,2000-10-23T00:00:00Z,Joiner,PWER.OQ^G13
.SPX,2000-10-18T00:00:00Z,Joiner,NBR.N
.SPX,2000-10-18T00:00:00Z,Leaver,MKG.N^J00
.SPX,2000-10-04T00:00:00Z,Joiner,KG.N^C11
.SPX,2000-10-04T00:00:00Z,Leaver,YNR.N^J00
.SPX,2000-10-03T00:00:00Z,Joiner,DYN.N^G12
.SPX,2000-10-03T00:00:00Z,Leaver,DNB.N^B19
.SPX,2000-10-03T00:00:00Z,Leaver,BFO.N^J00
.SPX,2000-10-03T00:00:00Z,Joiner,MCO.N
.SPX,2000-10-02T00:00:00Z,Joiner,AV.N^J07
.SPX,2000-10-02T00:00:00Z,Leaver,OWC.N^L02
.SPX,2000-08-30T00:00:00Z,Leaver,GAP.N^L10
.SPX,2000-08-30T00:00:00Z,Joiner,DVN.N
.SPX,2000-08-21T00:00:00Z,Joiner,KSE.N^H07
.SPX,2000-08-21T00:00:00Z,Leaver,NCE.N^H00
.SPX,2000-07-28T00:00:00Z,Leaver,COMS.OQ^D10
.SPX,2000-07-28T00:00:00Z,Joiner,PALM.OQ^G10
.SPX,2000-07-27T00:00:00Z,Joiner,VIAV.OQ
.SPX,2000-07-27T00:00:00Z,Leaver,RAD.N
.SPX,2000-07-17T00:00:00Z,Joiner,CIT.N^F01
.SPX,2000-07-17T00:00:00Z,Leaver,UPR.N^G00
.SPX,2000-07-13T00:00:00Z,Joiner,JNS.N^E17
.SPX,2000-07-13T00:00:00Z,Leaver,KSU.N^L21
.SPX,2000-07-06T00:00:00Z,Joiner,Q.N^D11
.SPX,2000-07-03T00:00:00Z,Joiner,BRCM.OQ^B16
.SPX,2000-07-03T00:00:00Z,Leaver,GTE.N^G00
.SPX,2000-06-29T00:00:00Z,Joiner,MERQE.OQ^A06
.SPX,2000-06-29T00:00:00Z,Joiner,VC.N^C09
.SPX,2000-06-29T00:00:00Z,Leaver,MZ.N^E08
.SPX,2000-06-29T00:00:00Z,Leaver,IKN.N^K08
.SPX,2000-06-26T00:00:00Z,Leaver,WLA.N^F00
.SPX,2000-06-21T00:00:00Z,Leaver,SGI.N^K05
.SPX,2000-06-21T00:00:00Z,Joiner,TIF.N^A21
.SPX,2000-06-21T00:00:00Z,Joiner,SANM.OQ
.SPX,2000-06-19T00:00:00Z,Leaver,CHA.N^F00
.SPX,2000-06-19T00:00:00Z,Joiner,NVLS.OQ^F12
.SPX,2000-06-19T00:00:00Z,Joiner,CF.N^H04
.SPX,2000-06-15T00:00:00Z,Leaver,CSR.N^F00
.SPX,2000-06-15T00:00:00Z,Leaver,UMG.N^F00
.SPX,2000-06-15T00:00:00Z,Joiner,MEDI.OQ^F07
.SPX,2000-06-13T00:00:00Z,Joiner,CVG.N^J18
.SPX,2000-06-13T00:00:00Z,Leaver,TMC.N^F00
.SPX,2000-06-08T00:00:00Z,Leaver,SMS.N^G00
.SPX,2000-06-08T00:00:00Z,Joiner,SBUX.OQ
.SPX,2000-06-05T00:00:00Z,Joiner,A.N
.SPX,2000-06-05T00:00:00Z,Leaver,NC.N
.SPX,2000-06-01T00:00:00Z,Joiner,APCC.OQ^B07
.SPX,2000-06-01T00:00:00Z,Leaver,MIR.N^E00
.SPX,2000-05-10T00:00:00Z,Leaver,JOS.N^E00
.SPX,2000-05-10T00:00:00Z,Joiner,MXIM.OQ^J07
.SPX,2000-05-05T00:00:00Z,Joiner,SEBL.OQ^B06
.SPX,2000-05-05T00:00:00Z,Leaver,RLM.N^E00
.SPX,2000-05-05T00:00:00Z,Leaver,CBS.N^E00
.SPX,2000-05-05T00:00:00Z,Joiner,SAPE.OQ^B15
.SPX,2000-04-18T00:00:00Z,Joiner,ALTR.OQ^L15
.SPX,2000-04-18T00:00:00Z,Leaver,ARC.N^D00
.SPX,2000-04-03T00:00:00Z,Leaver,PNU.N^C00
.SPX,2000-04-03T00:00:00Z,Joiner,LLTC.OQ^C17
.SPX,2000-04-03T00:00:00Z,Joiner,VRTS.OQ^G05
.SPX,2000-04-03T00:00:00Z,Leaver,PBY.N^B16
.SPX,2000-03-16T00:00:00Z,Leaver,SCI.N
.SPX,2000-03-16T00:00:00Z,Joiner,TSG.N^D07
.SPX,2000-02-04T00:00:00Z,Joiner,CNXT.OQ^D11
.SPX,2000-01-31T00:00:00Z,Joiner,HOG.N
.SPX,2000-01-31T00:00:00Z,Leaver,FWC.N^K02
.SPX,2000-01-31T00:00:00Z,Leaver,FLE.N^A09
.SPX,2000-01-31T00:00:00Z,Joiner,BGEN.OQ^K03
.SPX,2000-01-31T00:00:00Z,Leaver,CNG.N^A00
.SPX,2000-01-06T00:00:00Z,Joiner,YNR.N^J00
.SPX,2000-01-04T00:00:00Z,Joiner,NCR.N
.SPX,2000-01-03T00:00:00Z,Leaver,RNB.N^L99
.SPX,1999-12-31T00:00:00Z,Joiner,RIG.N
.SPX,1999-12-31T00:00:00Z,Leaver,HP.N
.SPX,1999-12-08T00:00:00Z,Joiner,AABA.OQ^J19
.SPX,1999-12-08T00:00:00Z,Leaver,LDW.N^L00
.SPX,1999-12-02T00:00:00Z,Joiner,OK.N^D01
.SPX,1999-12-01T00:00:00Z,Joiner,MOLX.OQ^L13
.SPX,1999-12-01T00:00:00Z,Joiner,CTXS.OQ
.SPX,1999-12-01T00:00:00Z,Leaver,MOB.N^K99
.SPX,1999-11-30T00:00:00Z,Leaver,ALT.N^K99
.SPX,1999-11-30T00:00:00Z,Joiner,ATI.N
.SPX,1999-11-30T00:00:00Z,Leaver,PPW.N^L99
.SPX,1999-11-16T00:00:00Z,Leaver,KWP.N^K99
.SPX,1999-11-16T00:00:00Z,Joiner,QTRN.OQ^I03
.SPX,1999-11-15T00:00:00Z,Joiner,TER.OQ
.SPX,1999-11-15T00:00:00Z,Leaver,CSE.N^K99
.SPX,1999-11-08T00:00:00Z,Leaver,LHX.N
.SPX,1999-11-08T00:00:00Z,Joiner,XLNX.OQ^B22
.SPX,1999-11-05T00:00:00Z,Leaver,TEN.N
.SPX,1999-11-05T00:00:00Z,Joiner,PTV.N^K10
.SPX,1999-10-27T00:00:00Z,Leaver,AR.N^K99
.SPX,1999-10-27T00:00:00Z,Joiner,CMVT.OQ^B07
.SPX,1999-10-26T00:00:00Z,Leaver,SNT.N^J99
.SPX,1999-10-26T00:00:00Z,Joiner,EP.N^E12
.SPX,1999-10-18T00:00:00Z,Leaver,CYM.N^L99
.SPX,1999-10-18T00:00:00Z,Joiner,LEG.N
.SPX,1999-10-13T00:00:00Z,Leaver,DGN.N^J99
.SPX,1999-10-13T00:00:00Z,Joiner,TROW.OQ
.SPX,1999-10-12T00:00:00Z,Leaver,AIT.N^J99
.SPX,1999-10-11T00:00:00Z,Joiner,ADI.OQ
.SPX,1999-10-04T00:00:00Z,Leaver,PHB.N^J99
.SPX,1999-10-04T00:00:00Z,Joiner,PNW.N
.SPX,1999-10-01T00:00:00Z,Joiner,ADPT.OQ^H10
.SPX,1999-10-01T00:00:00Z,Leaver,FTL.N^E00
.SPX,1999-10-01T00:00:00Z,Leaver,BKB.N^J99
.SPX,1999-10-01T00:00:00Z,Joiner,BBBY.OQ
.SPX,1999-09-29T00:00:00Z,Joiner,GX.N^A02
.SPX,1999-09-29T00:00:00Z,Leaver,FRO.N^I99
.SPX,1999-09-20T00:00:00Z,Leaver,MTL.N^I99
.SPX,1999-09-20T00:00:00Z,Joiner,TOS.N^I01
.SPX,1999-08-13T00:00:00Z,Leaver,RYC.N^H99
.SPX,1999-08-13T00:00:00Z,Joiner,LXK.N^K16
.SPX,1999-08-09T00:00:00Z,Joiner,COC.N^H02
.SPX,1999-08-09T00:00:00Z,Leaver,BMG.N^A01
.SPX,1999-08-02T00:00:00Z,Joiner,ADCT.OQ^L10
.SPX,1999-08-02T00:00:00Z,Leaver,NLC.N^L99
.SPX,1999-08-02T00:00:00Z,Joiner,AW.N^L08
.SPX,1999-08-02T00:00:00Z,Leaver,BFI.N^H99
.SPX,1999-07-22T00:00:00Z,Leaver,TA.N^G99
.SPX,1999-07-22T00:00:00Z,Joiner,QCOM.OQ
.SPX,1999-07-01T00:00:00Z,Joiner,VMC.N
.SPX,1999-06-30T00:00:00Z,Leaver,PVT.N^F99
.SPX,1999-06-30T00:00:00Z,Joiner,BBY.N
.SPX,1999-06-29T00:00:00Z,Leaver,ATI.N^F99
.SPX,1999-06-25T00:00:00Z,Leaver,ASND.O^F99
.SPX,1999-06-25T00:00:00Z,Joiner,NTAP.OQ
.SPX,1999-06-24T00:00:00Z,Joiner,ODP.OQ
.SPX,1999-06-24T00:00:00Z,Leaver,ASC.N^F99
.SPX,1999-06-22T00:00:00Z,Leaver,MII.N^F99
.SPX,1999-06-22T00:00:00Z,Joiner,FPC.N^K00
.SPX,1999-06-15T00:00:00Z,Joiner,NGH.N^L00
.SPX,1999-06-09T00:00:00Z,Joiner,WLP.N^L04
.SPX,1999-06-04T00:00:00Z,Joiner,PWJ.N^K00
.SPX,1999-06-04T00:00:00Z,Leaver,BT.N^F99
.SPX,1999-05-28T00:00:00Z,Leaver,FMY.N^E99
.SPX,1999-05-28T00:00:00Z,Joiner,AFL.N
.SPX,1999-05-28T00:00:00Z,Leaver,MWI.N^C04
.SPX,1999-05-28T00:00:00Z,Joiner,DPH.N^J05
.SPX,1999-05-06T00:00:00Z,Joiner,ABI.N^K08
.SPX,1999-05-06T00:00:00Z,Leaver,PKN.N^E99
.SPX,1999-05-03T00:00:00Z,Leaver,UCC.N^D99
.SPX,1999-05-03T00:00:00Z,Joiner,CMS.N
.SPX,1999-04-12T00:00:00Z,Leaver,ANV.N^D99
.SPX,1999-04-12T00:00:00Z,Joiner,AGN.N^E20
.SPX,1999-04-05T00:00:00Z,Joiner,KSU.N^L21
.SPX,1999-04-05T00:00:00Z,Leaver,AMP.N^D99
.SPX,1999-03-25T00:00:00Z,Joiner,LUMN.N
.SPX,1999-03-25T00:00:00Z,Leaver,RBD.N^C99
.SPX,1999-03-22T00:00:00Z,Leaver,WOR
.SPX,1999-03-22T00:00:00Z,Joiner,WOR.N
.SPX,1999-03-10T00:00:00Z,Joiner,ASO.N^K06
.SPX,1999-03-10T00:00:00Z,Leaver,TCOMA.O^C99
.SPX,1999-03-01T00:00:00Z,Leaver,ORX.N^B99
.SPX,1999-03-01T00:00:00Z,Joiner,SOTR.OQ^K04
.SPX,1999-01-13T00:00:00Z,Leaver,HBOC.O^A99
.SPX,1999-01-13T00:00:00Z,Joiner,MCK.N
.SPX,1999-01-04T00:00:00Z,Leaver,SAI.N^L98
.SPX,1999-01-04T00:00:00Z,Leaver,AN.N^L98
.SPX,1999-01-04T00:00:00Z,Joiner,TWX.N^F18
.SPX,1999-01-04T00:00:00Z,Leaver,FL.N
.SPX,1999-01-04T00:00:00Z,Joiner,FSR.N^B01
.SPX,1999-01-04T00:00:00Z,Joiner,CPWR.OQ^L14
.SPX,1998-12-31T00:00:00Z,Leaver,PZE.N^H99
.SPX,1998-12-31T00:00:00Z,Joiner,SLR.N^J07
.SPX,1998-12-22T00:00:00Z,Leaver,GRN.N^L98
.SPX,1998-12-22T00:00:00Z,Joiner,CCL.N
.SPX,1998-11-24T00:00:00Z,Joiner,PCS.N^D04
.SPX,1998-11-24T00:00:00Z,Leaver,AS.N^I99
.SPX,1998-11-18T00:00:00Z,Leaver,STO.N^K98
.SPX,1998-11-18T00:00:00Z,Joiner,DHR.N
.SPX,1998-11-13T00:00:00Z,Joiner,SWY.N^A15
.SPX,1998-11-13T00:00:00Z,Leaver,C.N^K98
.SPX,1998-11-03T00:00:00Z,Joiner,NCE.N^H00
.SPX,1998-11-02T00:00:00Z,Leaver,WFC.N^K98
.SPX,1998-10-08T00:00:00Z,Joiner,CCEP.OQ
.SPX,1998-10-08T00:00:00Z,Joiner,C.N
.SPX,1998-10-07T00:00:00Z,Joiner,SPLS.OQ^I17
.SPX,1998-10-07T00:00:00Z,Leaver,GSX.N^J98
.SPX,1998-10-02T00:00:00Z,Joiner,BMC.OQ^I13
.SPX,1998-10-02T00:00:00Z,Joiner,PSFT.OQ^A05
.SPX,1998-10-02T00:00:00Z,Leaver,DI.N^I98
.SPX,1998-10-02T00:00:00Z,Leaver,USS.N^J98
.SPX,1998-10-02T00:00:00Z,Leaver,FCN.N^J98
.SPX,1998-10-02T00:00:00Z,Leaver,AHM.N^J98
.SPX,1998-10-02T00:00:00Z,Joiner,AES.N
.SPX,1998-10-01T00:00:00Z,Joiner,UPC.N^G04
.SPX,1998-10-01T00:00:00Z,Joiner,PAYX.OQ
.SPX,1998-10-01T00:00:00Z,Leaver,BAC.N^I98
.SPX,1998-09-28T00:00:00Z,Joiner,HCR.N^L07
.SPX,1998-09-28T00:00:00Z,Leaver,MNR.N^I98
.SPX,1998-09-21T00:00:00Z,Leaver,C.N
.SPX,1998-09-16T00:00:00Z,Leaver,MCIC.O^I98
.SPX,1998-08-31T00:00:00Z,Leaver,BAY.N^H98
.SPX,1998-08-31T00:00:00Z,Joiner,PVT.N^F99
.SPX,1998-08-28T00:00:00Z,Leaver,DIGI.O^I98
.SPX,1998-08-28T00:00:00Z,Joiner,RF.N
.SPX,1998-08-14T00:00:00Z,Leaver,MST.N^H98
.SPX,1998-08-14T00:00:00Z,Joiner,KSS.N
.SPX,1998-08-10T00:00:00Z,Joiner,EDS.N^H08
.SPX,1998-08-10T00:00:00Z,Leaver,WAI.N^H98
.SPX,1998-07-16T00:00:00Z,Leaver,GFSa.A^K98
.SPX,1998-07-16T00:00:00Z,Leaver,WMX.N^G98
.SPX,1998-07-16T00:00:00Z,Joiner,DG.N^G07
.SPX,1998-07-16T00:00:00Z,Joiner,WM.N
.SPX,1998-07-10T00:00:00Z,Joiner,FMY.N^E99
.SPX,1998-07-10T00:00:00Z,Leaver,ECH.N^G98
.SPX,1998-07-01T00:00:00Z,Joiner,BSC.N^F08
.SPX,1998-07-01T00:00:00Z,Joiner,SLM.OQ
.SPX,1998-07-01T00:00:00Z,Leaver,GNT.N^G98
.SPX,1998-07-01T00:00:00Z,Joiner,COF.N
.SPX,1998-07-01T00:00:00Z,Joiner,RX.N^C10
.SPX,1998-07-01T00:00:00Z,Leaver,RYI.N^J07
.SPX,1998-07-01T00:00:00Z,Leaver,BNL.N^F98
.SPX,1998-07-01T00:00:00Z,Leaver,RX.N^C10
.SPX,1998-06-30T00:00:00Z,Joiner,SRE.N
.SPX,1998-06-30T00:00:00Z,Leaver,PET.N^F98
.SPX,1998-06-12T00:00:00Z,Joiner,ASND.O^F99
.SPX,1998-06-12T00:00:00Z,Leaver,DEC.N^F98
.SPX,1998-04-29T00:00:00Z,Joiner,BEN.N
.SPX,1998-04-29T00:00:00Z,Leaver,CFL.N^D98
.SPX,1998-04-27T00:00:00Z,Leaver,FG.N^D98
.SPX,1998-04-27T00:00:00Z,Joiner,GTW.N^J07
.SPX,1998-04-08T00:00:00Z,Joiner,AFS.N^L00
.SPX,1998-04-08T00:00:00Z,Leaver,CHRS.OQ^F12
.SPX,1998-04-01T00:00:00Z,Leaver,SK.N^E98
.SPX,1998-04-01T00:00:00Z,Joiner,SEE.N
.SPX,1998-04-01T00:00:00Z,Joiner,NXTL.OQ^H05
.SPX,1998-04-01T00:00:00Z,Leaver,JH.N^E07
.SPX,1998-02-23T00:00:00Z,Leaver,ITT.N^B98
.SPX,1998-02-23T00:00:00Z,Joiner,MTL.N^I99
.SPX,1998-01-29T00:00:00Z,Leaver,PAS.N^C10
.SPX,1998-01-29T00:00:00Z,Joiner,NTRS.OQ
.SPX,1998-01-27T00:00:00Z,Leaver,CBB.N^A98
.SPX,1998-01-27T00:00:00Z,Joiner,SUB.N^C01
.SPX,1998-01-20T00:00:00Z,Joiner,BIG.N
.SPX,1998-01-20T00:00:00Z,Leaver,ECO.A^B03
.SPX,1998-01-12T00:00:00Z,Leaver,BBI.N^A98
.SPX,1998-01-12T00:00:00Z,Joiner,LEH.N^I08
.SPX,1998-01-02T00:00:00Z,Joiner,AEE.N
.SPX,1998-01-02T00:00:00Z,Leaver,UEP.N^L97
.SPX,1997-12-24T00:00:00Z,Joiner,OMC.N
.SPX,1997-12-24T00:00:00Z,Leaver,FLM.N^D03
.SPX,1997-12-18T00:00:00Z,Leaver,HFS.N^L97
.SPX,1997-12-18T00:00:00Z,Joiner,CINF.OQ
.SPX,1997-12-04T00:00:00Z,Leaver,BEV.N^L97
.SPX,1997-12-04T00:00:00Z,Joiner,TFC.N
.SPX,1997-11-28T00:00:00Z,Joiner,SNV.N
.SPX,1997-11-28T00:00:00Z,Leaver,SB.N^K97
.SPX,1997-11-07T00:00:00Z,Joiner,FE.N
.SPX,1997-11-07T00:00:00Z,Leaver,OEC.N^K97
.SPX,1997-10-23T00:00:00Z,Joiner,HBOC.O^A99
.SPX,1997-10-23T00:00:00Z,Leaver,LLX.N^J97
.SPX,1997-10-07T00:00:00Z,Leaver,SRR.N^H07
.SPX,1997-10-07T00:00:00Z,Joiner,YUM.N
.SPX,1997-09-15T00:00:00Z,Joiner,KLAC.OQ
.SPX,1997-09-15T00:00:00Z,Leaver,AMH.A^J97
.SPX,1997-09-01T00:00:00Z,Joiner,CCU.N^G08
.SPX,1997-09-01T00:00:00Z,Leaver,TDM.N^I97
.SPX,1997-08-15T00:00:00Z,Joiner,STT.N
.SPX,1997-08-15T00:00:00Z,Leaver,NYN.N^H97
.SPX,1997-08-14T00:00:00Z,Leaver,FJ.N^K00
.SPX,1997-08-13T00:00:00Z,Joiner,FJ.N^K00
.SPX,1997-08-06T00:00:00Z,Joiner,HBAN.OQ
.SPX,1997-08-06T00:00:00Z,Leaver,NAE.N^H97
.SPX,1997-08-06T00:00:00Z,Joiner,MIR.N^E00
.SPX,1997-08-05T00:00:00Z,Leaver,ENS.N^H97
.SPX,1997-08-01T00:00:00Z,Leaver,MD.N^H97
.SPX,1997-08-01T00:00:00Z,Joiner,PGR.N
.SPX,1997-08-01T00:00:00Z,Joiner,OI.N
.SPX,1997-07-25T00:00:00Z,Joiner,APC.N^H19
.SPX,1997-07-25T00:00:00Z,Joiner,APA.OQ
.SPX,1997-07-25T00:00:00Z,Leaver,INGR.OQ^L06
.SPX,1997-07-25T00:00:00Z,Leaver,SFS.N^H00
.SPX,1997-07-16T00:00:00Z,Joiner,SAI.N^L98
.SPX,1997-07-16T00:00:00Z,Leaver,GIDL.O^J97
.SPX,1997-07-01T00:00:00Z,Leaver,GWF.N^G97
.SPX,1997-07-01T00:00:00Z,Joiner,WM.N^I08
.SPX,1997-06-18T00:00:00Z,Leaver,PEL.N^F97
.SPX,1997-06-18T00:00:00Z,Joiner,EFX.N
.SPX,1997-06-17T00:00:00Z,Leaver,USH.N^F97
.SPX,1997-06-17T00:00:00Z,Joiner,CFC.N^G08
.SPX,1997-06-10T00:00:00Z,Leaver,PVN.N^F97
.SPX,1997-06-10T00:00:00Z,Joiner,PVN.N^J05
.SPX,1997-05-30T00:00:00Z,Joiner,SCHW.N
.SPX,1997-05-30T00:00:00Z,Leaver,MS.N^F97
.SPX,1997-05-23T00:00:00Z,Leaver,CRR.N^F97
.SPX,1997-05-23T00:00:00Z,Joiner,CAH.N
.SPX,1997-05-06T00:00:00Z,Joiner,ADBE.OQ
.SPX,1997-05-05T00:00:00Z,Leaver,GLD.N^E97
.SPX,1997-04-30T00:00:00Z,Joiner,MII.N^F99
.SPX,1997-04-30T00:00:00Z,Leaver,MII.N^F99
.SPX,1997-04-03T00:00:00Z,Joiner,PTC.OQ
.SPX,1997-04-03T00:00:00Z,Leaver,PAC.N^D97
.SPX,1997-01-14T00:00:00Z,Leaver,AAL.N^B97
.SPX,1997-01-14T00:00:00Z,Joiner,CNC.N^H02
.SPX,1997-01-07T00:00:00Z,Leaver,BOAT.O^D99
.SPX,1997-01-07T00:00:00Z,Joiner,HRC.N^C03
.SPX,1996-12-31T00:00:00Z,Joiner,FRO.N^I99
.SPX,1996-12-31T00:00:00Z,Leaver,LUB.N^E22
.SPX,1996-12-31T00:00:00Z,Leaver,SHN.N^G00
.SPX,1996-12-31T00:00:00Z,Leaver,RYAN.OQ^K06
.SPX,1996-12-31T00:00:00Z,Joiner,TMO.N
.SPX,1996-12-31T00:00:00Z,Joiner,AZO.N
.SPX,1996-12-18T00:00:00Z,Leaver,BLY.N^L96
.SPX,1996-12-18T00:00:00Z,Joiner,GDT.N^D06
.SPX,1996-12-02T00:00:00Z,Leaver,CNW.N^J15
.SPX,1996-12-02T00:00:00Z,Joiner,MBI.N
.SPX,1996-11-04T00:00:00Z,Joiner,RX.N^C10
.SPX,1996-11-04T00:00:00Z,Leaver,YELL.OQ
.SPX,1996-10-16T00:00:00Z,Joiner,UPR.N^G00
.SPX,1996-10-01T00:00:00Z,Leaver,OM.N^I97
.SPX,1996-10-01T00:00:00Z,Joiner,LU.N^L06
.SPX,1996-09-06T00:00:00Z,Leaver,VAT.N^I96
.SPX,1996-09-06T00:00:00Z,Joiner,DELL.OQ^J13
.SPX,1996-08-16T00:00:00Z,Joiner,HFS.N^L97
.SPX,1996-08-16T00:00:00Z,Leaver,VVI.N^G04
.SPX,1996-08-16T00:00:00Z,Leaver,TDY.N^H96
.SPX,1996-08-16T00:00:00Z,Joiner,SEG.N^K00
.SPX,1996-08-16T00:00:00Z,Leaver,OG.N^C01
.SPX,1996-08-16T00:00:00Z,Joiner,ALT.N^K99
.SPX,1996-07-20T00:00:00Z,Joiner,BMG.N^A01
.SPX,1996-07-20T00:00:00Z,Leaver,CAL.N
.SPX,1996-07-19T00:00:00Z,Joiner,MTG.N
.SPX,1996-07-19T00:00:00Z,Leaver,USHC.O^G96
.SPX,1996-07-01T00:00:00Z,Joiner,SMS.N^G00
.SPX,1996-07-01T00:00:00Z,Joiner,CVS.N
.SPX,1996-07-01T00:00:00Z,Joiner,ROK.N
.SPX,1996-07-01T00:00:00Z,Joiner,RTN.N^D20
.SPX,1996-07-01T00:00:00Z,Leaver,SMS^G00
.SPX,1996-07-01T00:00:00Z,Leaver,ROK.N
.SPX,1996-07-01T00:00:00Z,Leaver,AM^H13
.SPX,1996-07-01T00:00:00Z,Joiner,AM.N^H13
.SPX,1996-07-01T00:00:00Z,Leaver,RTN.N^L97
.SPX,1996-05-31T00:00:00Z,Leaver,PMI.N^K99
.SPX,1996-05-31T00:00:00Z,Joiner,TUP.N
.SPX,1996-04-23T00:00:00Z,Joiner,AON.N
.SPX,1996-04-23T00:00:00Z,Leaver,LOR.N^D96
.SPX,1996-04-01T00:00:00Z,Joiner,WCOEQ.OQ^G02
.SPX,1996-04-01T00:00:00Z,Leaver,I.N^D96
.SPX,1996-03-28T00:00:00Z,Joiner,EMC.N^I16
.SPX,1996-03-28T00:00:00Z,Leaver,CYR.N^G96
.SPX,1996-03-13T00:00:00Z,Leaver,FBO.N^C96
.SPX,1996-03-13T00:00:00Z,Joiner,GNT.N^G98
.SPX,1996-03-08T00:00:00Z,Joiner,FITB.OQ
.SPX,1996-03-08T00:00:00Z,Leaver,HDL.N^C08
.SPX,1996-02-29T00:00:00Z,Joiner,BAY.N^H98
.SPX,1996-02-29T00:00:00Z,Leaver,BNET.O^B96
.SPX,1996-02-12T00:00:00Z,Joiner,BNET.O^B96
.SPX,1996-02-12T00:00:00Z,Leaver,CCB.N^B96
.SPX,1996-01-22T00:00:00Z,Joiner,CSE.N^K99
.SPX,1996-01-22T00:00:00Z,Leaver,PZS.N^L99
.SPX,1996-01-02T00:00:00Z,Joiner,ITT.N
.SPX,1996-01-02T00:00:00Z,Joiner,COMS.OQ^D10
.SPX,1996-01-02T00:00:00Z,Leaver,FFB.N^A96
.SPX,1995-12-20T00:00:00Z,Leaver,ZRN.N^F98
.SPX,1995-12-20T00:00:00Z,Joiner,HIG.N
.SPX,1995-12-20T00:00:00Z,Leaver,MRN.N^G96
.SPX,1995-12-14T00:00:00Z,Joiner,LSI.OQ^E14
.SPX,1995-12-13T00:00:00Z,Leaver,SPP.N^L95
.SPX,1995-12-01T00:00:00Z,Joiner,CMA.N
.SPX,1995-12-01T00:00:00Z,Leaver,FNB.N^L95
.SPX,1995-12-01T00:00:00Z,Leaver,SNC.N^K95
.SPX,1995-12-01T00:00:00Z,Joiner,FCN.N^J98
.SPX,1995-12-01T00:00:00Z,Joiner,HUM.N
.SPX,1995-11-29T00:00:00Z,Joiner,CBB.N^A98
.SPX,1995-11-27T00:00:00Z,Joiner,PPL.N
.SPX,1995-11-13T00:00:00Z,Joiner,FCX.N
.SPX,1995-11-13T00:00:00Z,Leaver,FCXb.N^K95
.SPX,1995-11-08T00:00:00Z,Joiner,M.N
.SPX,1995-11-08T00:00:00Z,Leaver,ZE.N^E98
.SPX,1995-11-07T00:00:00Z,Joiner,PHB.N^J99
.SPX,1995-11-03T00:00:00Z,Joiner,PNU.N^C00
.SPX,1995-11-03T00:00:00Z,Leaver,UPJ.N^K95
.SPX,1995-11-01T00:00:00Z,Leaver,BSET.OQ
.SPX,1995-11-01T00:00:00Z,Joiner,UMG.N^F00
.SPX,1995-10-31T00:00:00Z,Joiner,DXC.N
.SPX,1995-10-23T00:00:00Z,Leaver,FRM.N^L96
.SPX,1995-10-23T00:00:00Z,Joiner,USB.N
.SPX,1995-09-22T00:00:00Z,Leaver,SFX.N^I95
.SPX,1995-09-22T00:00:00Z,Joiner,MS.N^F97
.SPX,1995-08-18T00:00:00Z,Joiner,WLL.N^C02
.SPX,1995-08-18T00:00:00Z,Leaver,BRNO.O^H95
.SPX,1995-07-31T00:00:00Z,Joiner,FCXb.N^K95
.SPX,1995-07-31T00:00:00Z,Leaver,SKY.N
.SPX,1995-07-13T00:00:00Z,Leaver,SPXC.N
.SPX,1995-07-13T00:00:00Z,Joiner,ALL.N
.SPX,1995-07-05T00:00:00Z,Leaver,LOTS.O^H95
.SPX,1995-07-05T00:00:00Z,Joiner,RNB.N^L99
.SPX,1995-07-03T00:00:00Z,Joiner,HET.N^A08
.SPX,1995-07-03T00:00:00Z,Leaver,HET.N^A08
.SPX,1995-07-03T00:00:00Z,Leaver,MAI.N^G95
.SPX,1995-07-03T00:00:00Z,Joiner,TLAB.OQ^L13
.SPX,1995-05-30T00:00:00Z,Joiner,DRI.N
.SPX,1995-05-30T00:00:00Z,Leaver,GOSHA.OQ^G05
.SPX,1995-05-30T00:00:00Z,Joiner,FTL.N^E00
.SPX,1995-05-30T00:00:00Z,Leaver,HMX.N^K08
.SPX,1995-05-22T00:00:00Z,Leaver,CKL.N^E95
.SPX,1995-05-10T00:00:00Z,Leaver,CIC.N^E95
.SPX,1995-05-10T00:00:00Z,Joiner,L.N
.SPX,1995-05-01T00:00:00Z,Leaver,ESY.N^E95
.SPX,1995-05-01T00:00:00Z,Joiner,CAR.OQ
.SPX,1995-04-03T00:00:00Z,Leaver,SK.N^F00
.SPX,1995-04-03T00:00:00Z,Joiner,LDW.N^L00
.SPX,1995-03-31T00:00:00Z,Leaver,MXS.N^F95
.SPX,1995-03-31T00:00:00Z,Joiner,BK.N
.SPX,1995-03-16T00:00:00Z,Leaver,LK.N^C95
.SPX,1995-03-16T00:00:00Z,Leaver,ML.N^C95
.SPX,1995-03-16T00:00:00Z,Joiner,AMAT.OQ
.SPX,1995-03-16T00:00:00Z,Joiner,LMT.N
.SPX,1995-02-24T00:00:00Z,Joiner,BSX.N
.SPX,1995-02-24T00:00:00Z,Leaver,NEC.N^F97
.SPX,1995-02-09T00:00:00Z,Leaver,PT.N^E95
.SPX,1995-02-09T00:00:00Z,Joiner,GPU.N^K01
.SPX,1995-01-18T00:00:00Z,Leaver,E.N^E95
.SPX,1995-01-18T00:00:00Z,Joiner,SGI.N^K05
.SPX,1994-12-30T00:00:00Z,Joiner,DAL.N^J05
.SPX,1994-12-30T00:00:00Z,Joiner,MER.N^A09
.SPX,1994-12-30T00:00:00Z,Joiner,RYI.N^J07
.SPX,1994-12-30T00:00:00Z,Joiner,AEP.OQ
.SPX,1994-12-30T00:00:00Z,Joiner,FWC.N^K02
.SPX,1994-12-30T00:00:00Z,Joiner,BGG.N^G20
.SPX,1994-12-30T00:00:00Z,Joiner,JH.N^E07
.SPX,1994-12-30T00:00:00Z,Joiner,LK.N^C95
.SPX,1994-12-30T00:00:00Z,Joiner,MXS.N^F95
.SPX,1994-12-30T00:00:00Z,Joiner,WOR
.SPX,1994-12-30T00:00:00Z,Joiner,JNJ.N
.SPX,1994-12-30T00:00:00Z,Joiner,MDP.N^L21
.SPX,1994-12-30T00:00:00Z,Joiner,CSR.N^F00
.SPX,1994-12-30T00:00:00Z,Joiner,SNA.N
.SPX,1994-12-30T00:00:00Z,Joiner,SHN.N^G00
.SPX,1994-12-30T00:00:00Z,Joiner,FRM.N^L96
.SPX,1994-12-30T00:00:00Z,Joiner,TEK.N^K07
.SPX,1994-12-30T00:00:00Z,Joiner,BAX.N
.SPX,1994-12-30T00:00:00Z,Joiner,UST.N^A09
.SPX,1994-12-30T00:00:00Z,Joiner,ADM.N
.SPX,1994-12-30T00:00:00Z,Joiner,MST.N^H98
.SPX,1994-12-30T00:00:00Z,Joiner,ONE.N^G04
.SPX,1994-12-30T00:00:00Z,Joiner,PNC.N
.SPX,1994-12-30T00:00:00Z,Joiner,AT.N^K07
.SPX,1994-12-30T00:00:00Z,Joiner,TX.N^J01
.SPX,1994-12-30T00:00:00Z,Joiner,ASH.N
.SPX,1994-12-30T00:00:00Z,Joiner,IPG.N
.SPX,1994-12-30T00:00:00Z,Joiner,OXY.N
.SPX,1994-12-30T00:00:00Z,Joiner,KEY.N
.SPX,1994-12-30T00:00:00Z,Joiner,DCN.N^C06
.SPX,1994-12-30T00:00:00Z,Joiner,CMI.N
.SPX,1994-12-30T00:00:00Z,Joiner,TA.N^G99
.SPX,1994-12-30T00:00:00Z,Joiner,AMR.N^A12
.SPX,1994-12-30T00:00:00Z,Joiner,R.N
.SPX,1994-12-30T00:00:00Z,Joiner,ABS.N^F06
.SPX,1994-12-30T00:00:00Z,Joiner,SPXC.N
.SPX,1994-12-30T00:00:00Z,Joiner,SRR.N^H07
.SPX,1994-12-30T00:00:00Z,Joiner,GRA.N^I21
.SPX,1994-12-30T00:00:00Z,Joiner,PET.N^F98
.SPX,1994-12-30T00:00:00Z,Joiner,WBA.OQ
.SPX,1994-12-30T00:00:00Z,Joiner,ITT.N^B98
.SPX,1994-12-30T00:00:00Z,Joiner,CKL.N^E95
.SPX,1994-12-30T00:00:00Z,Joiner,X.N
.SPX,1994-12-30T00:00:00Z,Joiner,MNR.N^I98
.SPX,1994-12-30T00:00:00Z,Joiner,NUE.N
.SPX,1994-12-30T00:00:00Z,Joiner,FBF.N^D04
.SPX,1994-12-30T00:00:00Z,Joiner,MDR.N^A20
.SPX,1994-12-30T00:00:00Z,Joiner,NEM.N
.SPX,1994-12-30T00:00:00Z,Joiner,CEG.N^C12
.SPX,1994-12-30T00:00:00Z,Joiner,WFC.N^K98
.SPX,1994-12-30T00:00:00Z,Joiner,TGT.N
.SPX,1994-12-30T00:00:00Z,Joiner,RYAN.OQ^K06
.SPX,1994-12-30T00:00:00Z,Joiner,MEL.N^G07
.SPX,1994-12-30T00:00:00Z,Joiner,WHR.N
.SPX,1994-12-30T00:00:00Z,Joiner,PBI.N
.SPX,1994-12-30T00:00:00Z,Joiner,SNT.N^J99
.SPX,1994-12-30T00:00:00Z,Joiner,F.N
.SPX,1994-12-30T00:00:00Z,Joiner,GT.OQ
.SPX,1994-12-30T00:00:00Z,Joiner,NKE.N
.SPX,1994-12-30T00:00:00Z,Joiner,PCG.N
.SPX,1994-12-30T00:00:00Z,Joiner,LUB.N^E22
.SPX,1994-12-30T00:00:00Z,Joiner,SPGI.N
.SPX,1994-12-30T00:00:00Z,Joiner,AMP.N^D99
.SPX,1994-12-30T00:00:00Z,Joiner,JCP.N^E20
.SPX,1994-12-30T00:00:00Z,Joiner,BOAT.O^D99
.SPX,1994-12-30T00:00:00Z,Joiner,SAF.N^I08
.SPX,1994-12-30T00:00:00Z,Joiner,TXT.N
.SPX,1994-12-30T00:00:00Z,Joiner,ABT.N
.SPX,1994-12-30T00:00:00Z,Joiner,KRI.N^F06
.SPX,1994-12-30T00:00:00Z,Joiner,SFS.N^H00
.SPX,1994-12-30T00:00:00Z,Joiner,PARA.OQ
.SPX,1994-12-30T00:00:00Z,Joiner,AMH.A^J97
.SPX,1994-12-30T00:00:00Z,Joiner,NCC.N^A09
.SPX,1994-12-30T00:00:00Z,Joiner,IKN.N^K08
.SPX,1994-12-30T00:00:00Z,Joiner,GAS.N^L11
.SPX,1994-12-30T00:00:00Z,Joiner,KWP.N^K99
.SPX,1994-12-30T00:00:00Z,Joiner,E.N^E95
.SPX,1994-12-30T00:00:00Z,Joiner,BHMSQ.OB^A04
.SPX,1994-12-30T00:00:00Z,Joiner,PGN.N^G12
.SPX,1994-12-30T00:00:00Z,Joiner,NSI.N^H03
.SPX,1994-12-30T00:00:00Z,Joiner,ATI.N^F99
.SPX,1994-12-30T00:00:00Z,Joiner,STO.N^K98
.SPX,1994-12-30T00:00:00Z,Joiner,FLM.N^D03
.SPX,1994-12-30T00:00:00Z,Joiner,BSET.OQ
.SPX,1994-12-30T00:00:00Z,Joiner,ORX.N^B99
.SPX,1994-12-30T00:00:00Z,Joiner,FJ.N^K00
.SPX,1994-12-30T00:00:00Z,Joiner,TNB.N^E12
.SPX,1994-12-30T00:00:00Z,Joiner,WB.N^H01
.SPX,1994-12-30T00:00:00Z,Joiner,BKB.N^J99
.SPX,1994-12-30T00:00:00Z,Joiner,JP.N^D06
.SPX,1994-12-30T00:00:00Z,Joiner,DNB.N^B19
.SPX,1994-12-30T00:00:00Z,Joiner,SMS^G00
.SPX,1994-12-30T00:00:00Z,Joiner,ADSK.OQ
.SPX,1994-12-30T00:00:00Z,Joiner,CAG.N
.SPX,1994-12-30T00:00:00Z,Joiner,TDM.N^I97
.SPX,1994-12-30T00:00:00Z,Joiner,CIN.N^D06
.SPX,1994-12-30T00:00:00Z,Joiner,MDT.N
.SPX,1994-12-30T00:00:00Z,Joiner,CAL.N
.SPX,1994-12-30T00:00:00Z,Joiner,AS.N^I99
.SPX,1994-12-30T00:00:00Z,Joiner,EMN.N
.SPX,1994-12-30T00:00:00Z,Joiner,GWW.N
.SPX,1994-12-30T00:00:00Z,Joiner,DOV.N
.SPX,1994-12-30T00:00:00Z,Joiner,EMR.N
.SPX,1994-12-30T00:00:00Z,Joiner,MAY.N^H05
.SPX,1994-12-30T00:00:00Z,Joiner,AR.N^K99
.SPX,1994-12-30T00:00:00Z,Joiner,ORCL.N
.SPX,1994-12-30T00:00:00Z,Joiner,PZS.N^L99
.SPX,1994-12-30T00:00:00Z,Joiner,ED.N
.SPX,1994-12-30T00:00:00Z,Joiner,DOW.N^I17
.SPX,1994-12-30T00:00:00Z,Joiner,DI.N^I98
.SPX,1994-12-30T00:00:00Z,Joiner,CVX.N
.SPX,1994-12-30T00:00:00Z,Joiner,UCC.N^D99
.SPX,1994-12-30T00:00:00Z,Joiner,MAS.N
.SPX,1994-12-30T00:00:00Z,Joiner,RBK.N^B06
.SPX,1994-12-30T00:00:00Z,Joiner,TJX.N
.SPX,1994-12-30T00:00:00Z,Joiner,N.N^K06
.SPX,1994-12-30T00:00:00Z,Joiner,TEN.N
.SPX,1994-12-30T00:00:00Z,Joiner,MRN.N^G96
.SPX,1994-12-30T00:00:00Z,Joiner,BDK.N^C10
.SPX,1994-12-30T00:00:00Z,Joiner,SHW.N
.SPX,1994-12-30T00:00:00Z,Joiner,CGP.N^A01
.SPX,1994-12-30T00:00:00Z,Joiner,NT.N^A09
.SPX,1994-12-30T00:00:00Z,Joiner,ML.N^C95
.SPX,1994-12-30T00:00:00Z,Joiner,AGN.N^C15
.SPX,1994-12-30T00:00:00Z,Joiner,AXP.N
.SPX,1994-12-30T00:00:00Z,Joiner,H.N^G01
.SPX,1994-12-30T00:00:00Z,Joiner,SNC.N^K95
.SPX,1994-12-30T00:00:00Z,Joiner,BRNO.O^H95
.SPX,1994-12-30T00:00:00Z,Joiner,TOY.N^G05
.SPX,1994-12-30T00:00:00Z,Joiner,CLX.N
.SPX,1994-12-30T00:00:00Z,Joiner,OMX.N^K13
.SPX,1994-12-30T00:00:00Z,Joiner,RSH.N^B15
.SPX,1994-12-30T00:00:00Z,Joiner,AAPL.OQ
.SPX,1994-12-30T00:00:00Z,Joiner,BEV.N^L97
.SPX,1994-12-30T00:00:00Z,Joiner,UPJ.N^K95
.SPX,1994-12-30T00:00:00Z,Joiner,CBE.N^L12
.SPX,1994-12-30T00:00:00Z,Joiner,BMY.N
.SPX,1994-12-30T00:00:00Z,Joiner,NWL.OQ
.SPX,1994-12-30T00:00:00Z,Joiner,BLS.N^A07
.SPX,1994-12-30T00:00:00Z,Joiner,UN.N^K20
.SPX,1994-12-30T00:00:00Z,Joiner,DIGI.O^I98
.SPX,1994-12-30T00:00:00Z,Joiner,EK.N^A12
.SPX,1994-12-30T00:00:00Z,Joiner,CA.OQ^K18
.SPX,1994-12-30T00:00:00Z,Joiner,BR.N^D06
.SPX,1994-12-30T00:00:00Z,Joiner,HON.OQ
.SPX,1994-12-30T00:00:00Z,Joiner,T.N
.SPX,1994-12-30T00:00:00Z,Joiner,AIG.N
.SPX,1994-12-30T00:00:00Z,Joiner,ROH.N^D09
.SPX,1994-12-30T00:00:00Z,Joiner,TXU.N^J07
.SPX,1994-12-30T00:00:00Z,Joiner,AAL.N^B97
.SPX,1994-12-30T00:00:00Z,Joiner,PT.N^E95
.SPX,1994-12-30T00:00:00Z,Joiner,TGNA.N
.SPX,1994-12-30T00:00:00Z,Joiner,MEE.N^F11
.SPX,1994-12-30T00:00:00Z,Joiner,BNL.N^F98
.SPX,1994-12-30T00:00:00Z,Joiner,TXN.OQ
.SPX,1994-12-30T00:00:00Z,Joiner,SKY.N
.SPX,1994-12-30T00:00:00Z,Joiner,PPW.N^L99
.SPX,1994-12-30T00:00:00Z,Joiner,OAT.N^H01
.SPX,1994-12-30T00:00:00Z,Joiner,EIX.N
.SPX,1994-12-30T00:00:00Z,Joiner,FBO.N^C96
.SPX,1994-12-30T00:00:00Z,Joiner,SWK.N
.SPX,1994-12-30T00:00:00Z,Joiner,BLY.N^L96
.SPX,1994-12-30T00:00:00Z,Joiner,CC.N^K08
.SPX,1994-12-30T00:00:00Z,Joiner,LIN.N
.SPX,1994-12-30T00:00:00Z,Joiner,RTX.N
.SPX,1994-12-30T00:00:00Z,Joiner,MAR.OQ
.SPX,1994-12-30T00:00:00Z,Joiner,AMGN.OQ
.SPX,1994-12-30T00:00:00Z,Joiner,HM.N^L01
.SPX,1994-12-30T00:00:00Z,Joiner,MS.N
.SPX,1994-12-30T00:00:00Z,Joiner,WMX.N^G98
.SPX,1994-12-30T00:00:00Z,Joiner,IBM.N
.SPX,1994-12-30T00:00:00Z,Joiner,PZE.N^H99
.SPX,1994-12-30T00:00:00Z,Joiner,GPC.N
.SPX,1994-12-30T00:00:00Z,Joiner,VAT.N^I96
.SPX,1994-12-30T00:00:00Z,Joiner,TMC.N^F00
.SPX,1994-12-30T00:00:00Z,Joiner,CNP.N
.SPX,1994-12-30T00:00:00Z,Joiner,RTN.N^L97
.SPX,1994-12-30T00:00:00Z,Joiner,HP.N
.SPX,1994-12-30T00:00:00Z,Joiner,HAS.OQ
.SPX,1994-12-30T00:00:00Z,Joiner,HLT.N^J07
.SPX,1994-12-30T00:00:00Z,Joiner,KBH.N
.SPX,1994-12-30T00:00:00Z,Joiner,MRK.N
.SPX,1994-12-30T00:00:00Z,Joiner,PHM.N
.SPX,1994-12-30T00:00:00Z,Joiner,PEG.N
.SPX,1994-12-30T00:00:00Z,Joiner,BAC.N
.SPX,1994-12-30T00:00:00Z,Joiner,ZE.N^E98
.SPX,1994-12-30T00:00:00Z,Joiner,SGP.N^K09
.SPX,1994-12-30T00:00:00Z,Joiner,NYN.N^H97
.SPX,1994-12-30T00:00:00Z,Joiner,GE.N
.SPX,1994-12-30T00:00:00Z,Joiner,HSH.N^H14
.SPX,1994-12-30T00:00:00Z,Joiner,RML.N^H06
.SPX,1994-12-30T00:00:00Z,Joiner,RLM.N^E00
.SPX,1994-12-30T00:00:00Z,Joiner,RYC.N^H99
.SPX,1994-12-30T00:00:00Z,Joiner,EXC.OQ
.SPX,1994-12-30T00:00:00Z,Joiner,PD.N^C07
.SPX,1994-12-30T00:00:00Z,Joiner,PAC.N^D97
.SPX,1994-12-30T00:00:00Z,Joiner,OEC.N^K97
.SPX,1994-12-30T00:00:00Z,Joiner,THC.N
.SPX,1994-12-30T00:00:00Z,Joiner,NEC.N^F97
.SPX,1994-12-30T00:00:00Z,Joiner,MCD.N
.SPX,1994-12-30T00:00:00Z,Joiner,K.N
.SPX,1994-12-30T00:00:00Z,Joiner,MKG.N^J00
.SPX,1994-12-30T00:00:00Z,Joiner,GFSa.A^K98
.SPX,1994-12-30T00:00:00Z,Joiner,I.N^D96
.SPX,1994-12-30T00:00:00Z,Joiner,HPQ.N
.SPX,1994-12-30T00:00:00Z,Joiner,XOM.N
.SPX,1994-12-30T00:00:00Z,Joiner,AHM.N^J98
.SPX,1994-12-30T00:00:00Z,Joiner,BKR.OQ
.SPX,1994-12-30T00:00:00Z,Joiner,MZ.N^E08
.SPX,1994-12-30T00:00:00Z,Joiner,LOR.N^D96
.SPX,1994-12-30T00:00:00Z,Joiner,CIC.N^E95
.SPX,1994-12-30T00:00:00Z,Joiner,ROK.N
.SPX,1994-12-30T00:00:00Z,Joiner,HPC.N^K08
.SPX,1994-12-30T00:00:00Z,Joiner,HET.N^A08
.SPX,1994-12-30T00:00:00Z,Joiner,BALL.N
.SPX,1994-12-30T00:00:00Z,Joiner,XRX.OQ
.SPX,1994-12-30T00:00:00Z,Joiner,MII.N^F99
.SPX,1994-12-30T00:00:00Z,Joiner,WAI.N^H98
.SPX,1994-12-30T00:00:00Z,Joiner,TKR.N
.SPX,1994-12-30T00:00:00Z,Joiner,AGC.N^H01
.SPX,1994-12-30T00:00:00Z,Joiner,BCR.N^L17
.SPX,1994-12-30T00:00:00Z,Joiner,APD.N
.SPX,1994-12-30T00:00:00Z,Joiner,CSX.OQ
.SPX,1994-12-30T00:00:00Z,Joiner,LOW.N
.SPX,1994-12-30T00:00:00Z,Joiner,LUV.N
.SPX,1994-12-30T00:00:00Z,Joiner,EC.N^F06
.SPX,1994-12-30T00:00:00Z,Joiner,GWF.N^G97
.SPX,1994-12-30T00:00:00Z,Joiner,AET.N^K18
.SPX,1994-12-30T00:00:00Z,Joiner,SLB.N
.SPX,1994-12-30T00:00:00Z,Joiner,MAI.N^G95
.SPX,1994-12-30T00:00:00Z,Joiner,WMB.N
.SPX,1994-12-30T00:00:00Z,Joiner,OWC.N^L02
.SPX,1994-12-30T00:00:00Z,Joiner,WEN.N^I08
.SPX,1994-12-30T00:00:00Z,Joiner,HI.N^C03
.SPX,1994-12-30T00:00:00Z,Joiner,EFU.N^K00
.SPX,1994-12-30T00:00:00Z,Joiner,UIS.N
.SPX,1994-12-30T00:00:00Z,Joiner,T.N^K05
.SPX,1994-12-30T00:00:00Z,Joiner,TT.N
.SPX,1994-12-30T00:00:00Z,Joiner,AVP.N^A20
.SPX,1994-12-30T00:00:00Z,Joiner,CPB.N
.SPX,1994-12-30T00:00:00Z,Joiner,FG.N^D98
.SPX,1994-12-30T00:00:00Z,Joiner,COST.OQ
.SPX,1994-12-30T00:00:00Z,Joiner,ECH.N^G98
.SPX,1994-12-30T00:00:00Z,Joiner,HNZ.N^F13
.SPX,1994-12-30T00:00:00Z,Joiner,INGR.OQ^L06
.SPX,1994-12-30T00:00:00Z,Joiner,CNW.N^J15
.SPX,1994-12-30T00:00:00Z,Joiner,KRB.N^A06
.SPX,1994-12-30T00:00:00Z,Joiner,GM.N^F09
.SPX,1994-12-30T00:00:00Z,Joiner,PCAR.OQ
.SPX,1994-12-30T00:00:00Z,Joiner,BFb.N
.SPX,1994-12-30T00:00:00Z,Joiner,DJ.N^L07
.SPX,1994-12-30T00:00:00Z,Joiner,MWI.N^C04
.SPX,1994-12-30T00:00:00Z,Joiner,WY.N
.SPX,1994-12-30T00:00:00Z,Joiner,FL.N
.SPX,1994-12-30T00:00:00Z,Joiner,GP.N^L05
.SPX,1994-12-30T00:00:00Z,Joiner,ECO.A^B03
.SPX,1994-12-30T00:00:00Z,Joiner,SPP.N^L95
.SPX,1994-12-30T00:00:00Z,Joiner,AZA.N^F01
.SPX,1994-12-30T00:00:00Z,Joiner,BBI.N^A98
.SPX,1994-12-30T00:00:00Z,Joiner,AIT.N^J99
.SPX,1994-12-30T00:00:00Z,Joiner,C.N^K98
.SPX,1994-12-30T00:00:00Z,Joiner,HRB.N
.SPX,1994-12-30T00:00:00Z,Joiner,S.N^C05
.SPX,1994-12-30T00:00:00Z,Joiner,GLW.N
.SPX,1994-12-30T00:00:00Z,Joiner,USH.N^F97
.SPX,1994-12-30T00:00:00Z,Joiner,ARC.N^D00
.SPX,1994-12-30T00:00:00Z,Joiner,CL.N
.SPX,1994-12-30T00:00:00Z,Joiner,AMD.OQ
.SPX,1994-12-30T00:00:00Z,Joiner,RBD.N^C99
.SPX,1994-12-30T00:00:00Z,Joiner,ZRN.N^F98
.SPX,1994-12-30T00:00:00Z,Joiner,CHA.N^F00
.SPX,1994-12-30T00:00:00Z,Joiner,JCI.N^I16
.SPX,1994-12-30T00:00:00Z,Joiner,JAVA.OQ^B10
.SPX,1994-12-30T00:00:00Z,Joiner,NYT.N
.SPX,1994-12-30T00:00:00Z,Joiner,HES.N
.SPX,1994-12-30T00:00:00Z,Joiner,COP.N
.SPX,1994-12-30T00:00:00Z,Joiner,MD.N^H97
.SPX,1994-12-30T00:00:00Z,Joiner,MSFT.OQ
.SPX,1994-12-30T00:00:00Z,Joiner,IP.N
.SPX,1994-12-30T00:00:00Z,Joiner,PGL.N^B07
.SPX,1994-12-30T00:00:00Z,Joiner,DD.N^I17
.SPX,1994-12-30T00:00:00Z,Joiner,TCOMA.O^C99
.SPX,1994-12-30T00:00:00Z,Joiner,PBY.N^B16
.SPX,1994-12-30T00:00:00Z,Joiner,VO.N^L00
.SPX,1994-12-30T00:00:00Z,Joiner,ETN.N
.SPX,1994-12-30T00:00:00Z,Joiner,AL.N^K07
.SPX,1994-12-30T00:00:00Z,Joiner,NMK.N^A02
.SPX,1994-12-30T00:00:00Z,Joiner,BC.N
.SPX,1994-12-30T00:00:00Z,Joiner,RAD.N
.SPX,1994-12-30T00:00:00Z,Joiner,FNM.N^G10
.SPX,1994-12-30T00:00:00Z,Joiner,PVN.N^F97
.SPX,1994-12-30T00:00:00Z,Joiner,MMM.N
.SPX,1994-12-30T00:00:00Z,Joiner,LPX.N
.SPX,1994-12-30T00:00:00Z,Joiner,LLX.N^J97
.SPX,1994-12-30T00:00:00Z,Joiner,TRV.N
.SPX,1994-12-30T00:00:00Z,Joiner,KMG.N^H06
.SPX,1994-12-30T00:00:00Z,Joiner,GRN.N^L98
.SPX,1994-12-30T00:00:00Z,Joiner,PDG.N^C06
.SPX,1994-12-30T00:00:00Z,Joiner,CAT.N
.SPX,1994-12-30T00:00:00Z,Joiner,SHEL.N
.SPX,1994-12-30T00:00:00Z,Joiner,GLD.N^E97
.SPX,1994-12-30T00:00:00Z,Joiner,CTB.N^F21
.SPX,1994-12-30T00:00:00Z,Joiner,CEN.N^K07
.SPX,1994-12-30T00:00:00Z,Joiner,CG.N^K00
.SPX,1994-12-30T00:00:00Z,Joiner,JPM.N
.SPX,1994-12-30T00:00:00Z,Joiner,BDX.N
.SPX,1994-12-30T00:00:00Z,Joiner,BEAM.N^E14
.SPX,1994-12-30T00:00:00Z,Joiner,USS.N^J98
.SPX,1994-12-30T00:00:00Z,Joiner,USHC.O^G96
.SPX,1994-12-30T00:00:00Z,Joiner,UK.N^B01
.SPX,1994-12-30T00:00:00Z,Joiner,TRB.N^L07
.SPX,1994-12-30T00:00:00Z,Joiner,GL.N
.SPX,1994-12-30T00:00:00Z,Joiner,STI.N^L19
.SPX,1994-12-30T00:00:00Z,Joiner,UNP.N
.SPX,1994-12-30T00:00:00Z,Joiner,SUN.N^J12
.SPX,1994-12-30T00:00:00Z,Joiner,ADP.OQ
.SPX,1994-12-30T00:00:00Z,Joiner,SK.N^F00
.SPX,1994-12-30T00:00:00Z,Joiner,FLE.N^A09
.SPX,1994-12-30T00:00:00Z,Joiner,LNC.N
.SPX,1994-12-30T00:00:00Z,Joiner,WYE.N^J09
.SPX,1994-12-30T00:00:00Z,Joiner,CYM.N^L99
.SPX,1994-12-30T00:00:00Z,Joiner,JCI.N
.SPX,1994-12-30T00:00:00Z,Joiner,FRE.N^G10
.SPX,1994-12-30T00:00:00Z,Joiner,D.N
.SPX,1994-12-30T00:00:00Z,Joiner,GLK.N^G05
.SPX,1994-12-30T00:00:00Z,Joiner,TIN.N^B12
.SPX,1994-12-30T00:00:00Z,Joiner,PG.N
.SPX,1994-12-30T00:00:00Z,Joiner,NLC.N^L99
.SPX,1994-12-30T00:00:00Z,Joiner,AVY.N
.SPX,1994-12-30T00:00:00Z,Joiner,CBS.N^E00
.SPX,1994-12-30T00:00:00Z,Joiner,PHA.N^D03
.SPX,1994-12-30T00:00:00Z,Joiner,BMET.OQ^J07
.SPX,1994-12-30T00:00:00Z,Joiner,GPS.N
.SPX,1994-12-30T00:00:00Z,Joiner,CB.N^A16
.SPX,1994-12-30T00:00:00Z,Joiner,ASC.N^F99
.SPX,1994-12-30T00:00:00Z,Joiner,STJ.N^A17
.SPX,1994-12-30T00:00:00Z,Joiner,TAP.N
.SPX,1994-12-30T00:00:00Z,Joiner,NSC.N
.SPX,1994-12-30T00:00:00Z,Joiner,ENE.N^A02
.SPX,1994-12-30T00:00:00Z,Joiner,PKN.N^E99
.SPX,1994-12-30T00:00:00Z,Joiner,LLY.N
.SPX,1994-12-30T00:00:00Z,Joiner,WFC.N
.SPX,1994-12-30T00:00:00Z,Joiner,OM.N^I97
.SPX,1994-12-30T00:00:00Z,Joiner,WMT.N
.SPX,1994-12-30T00:00:00Z,Joiner,CHRS.OQ^F12
.SPX,1994-12-30T00:00:00Z,Joiner,KATE.N^G17
.SPX,1994-12-30T00:00:00Z,Joiner,PH.N
.SPX,1994-12-30T00:00:00Z,Joiner,ECL.N
.SPX,1994-12-30T00:00:00Z,Joiner,ITW.N
.SPX,1994-12-30T00:00:00Z,Joiner,PMI.N^K99
.SPX,1994-12-30T00:00:00Z,Joiner,BA.N
.SPX,1994-12-30T00:00:00Z,Joiner,LHX.N
.SPX,1994-12-30T00:00:00Z,Joiner,PAS.N^C10
.SPX,1994-12-30T00:00:00Z,Joiner,RRD.N^B22
.SPX,1994-12-30T00:00:00Z,Joiner,HWM.N
.SPX,1994-12-30T00:00:00Z,Joiner,ESY.N^E95
.SPX,1994-12-30T00:00:00Z,Joiner,ANDW.OQ^A08
.SPX,1994-12-30T00:00:00Z,Joiner,NAV.N^B07
.SPX,1994-12-30T00:00:00Z,Joiner,BFI.N^H99
.SPX,1994-12-30T00:00:00Z,Joiner,SYY.N
.SPX,1994-12-30T00:00:00Z,Joiner,PEL.N^F97
.SPX,1994-12-30T00:00:00Z,Joiner,SK.N^E98
.SPX,1994-12-30T00:00:00Z,Joiner,UCL.N^H05
.SPX,1994-12-30T00:00:00Z,Joiner,MU.OQ
.SPX,1994-12-30T00:00:00Z,Joiner,GSX.N^J98
.SPX,1994-12-30T00:00:00Z,Joiner,FMC.N
.SPX,1994-12-30T00:00:00Z,Joiner,HDL.N^C08
.SPX,1994-12-30T00:00:00Z,Joiner,PCH.OQ
.SPX,1994-12-30T00:00:00Z,Joiner,DEC.N^F98
.SPX,1994-12-30T00:00:00Z,Joiner,SFA.N^B06
.SPX,1994-12-30T00:00:00Z,Joiner,SVU.N^J18
.SPX,1994-12-30T00:00:00Z,Joiner,UNM.N
.SPX,1994-12-30T00:00:00Z,Joiner,GD.N
.SPX,1994-12-30T00:00:00Z,Joiner,PRD.N^J01
.SPX,1994-12-30T00:00:00Z,Joiner,XEL.OQ
.SPX,1994-12-30T00:00:00Z,Joiner,BUD.N^K08
.SPX,1994-12-30T00:00:00Z,Joiner,MAT.OQ
.SPX,1994-12-30T00:00:00Z,Joiner,DDS.N
.SPX,1994-12-30T00:00:00Z,Joiner,GTE.N^G00
.SPX,1994-12-30T00:00:00Z,Joiner,PLL.N^H15
.SPX,1994-12-30T00:00:00Z,Joiner,DIS.N
.SPX,1994-12-30T00:00:00Z,Joiner,NSM.N^I11
.SPX,1994-12-30T00:00:00Z,Joiner,FDX.N
.SPX,1994-12-30T00:00:00Z,Joiner,ACV.N^K06
.SPX,1994-12-30T00:00:00Z,Joiner,MIL.N^G10
.SPX,1994-12-30T00:00:00Z,Joiner,DE.N
.SPX,1994-12-30T00:00:00Z,Joiner,MRO.N
.SPX,1994-12-30T00:00:00Z,Joiner,S.N^G13
.SPX,1994-12-30T00:00:00Z,Joiner,C.N
.SPX,1994-12-30T00:00:00Z,Joiner,CRR.N^F97
.SPX,1994-12-30T00:00:00Z,Joiner,CYR.N^G96
.SPX,1994-12-30T00:00:00Z,Joiner,FDC.N^I07
.SPX,1994-12-30T00:00:00Z,Joiner,GIS.N
.SPX,1994-12-30T00:00:00Z,Joiner,SFX.N^I95
.SPX,1994-12-30T00:00:00Z,Joiner,AN.N^L98
.SPX,1994-12-30T00:00:00Z,Joiner,UCM.N^J00
.SPX,1994-12-30T00:00:00Z,Joiner,INTC.OQ
.SPX,1994-12-30T00:00:00Z,Joiner,WWY.N^J08
.SPX,1994-12-30T00:00:00Z,Joiner,BT.N^F99
.SPX,1994-12-30T00:00:00Z,Joiner,BAC.N^I98
.SPX,1994-12-30T00:00:00Z,Joiner,KM.N^L02
.SPX,1994-12-30T00:00:00Z,Joiner,MEA.N^A02
.SPX,1994-12-30T00:00:00Z,Joiner,MSI.N
.SPX,1994-12-30T00:00:00Z,Joiner,LOTS.O^H95
.SPX,1994-12-30T00:00:00Z,Joiner,GR.N^G12
.SPX,1994-12-30T00:00:00Z,Joiner,AM^H13
.SPX,1994-12-30T00:00:00Z,Joiner,MOB.N^K99
.SPX,1994-12-30T00:00:00Z,Joiner,DTE.N
.SPX,1994-12-30T00:00:00Z,Joiner,UNH.N
.SPX,1994-12-30T00:00:00Z,Joiner,CCK.N
.SPX,1994-12-30T00:00:00Z,Joiner,ETR.N
.SPX,1994-12-30T00:00:00Z,Joiner,NAE.N^H97
.SPX,1994-12-30T00:00:00Z,Joiner,PKI.N
.SPX,1994-12-30T00:00:00Z,Joiner,JWN.N
.SPX,1994-12-30T00:00:00Z,Joiner,GOSHA.OQ^G05
.SPX,1994-12-30T00:00:00Z,Joiner,CFL.N^D98
.SPX,1994-12-30T00:00:00Z,Joiner,UEP.N^L97
.SPX,1994-12-30T00:00:00Z,Joiner,CSCO.OQ
.SPX,1994-12-30T00:00:00Z,Joiner,SCI.N
.SPX,1994-12-30T00:00:00Z,Joiner,IFF.N
.SPX,1994-12-30T00:00:00Z,Joiner,HAL.N
.SPX,1994-12-30T00:00:00Z,Joiner,BBWI.N
.SPX,1994-12-30T00:00:00Z,Joiner,SB.N^K97
.SPX,1994-12-30T00:00:00Z,Joiner,HSY.N
.SPX,1994-12-30T00:00:00Z,Joiner,RAL.N^L01
.SPX,1994-12-30T00:00:00Z,Joiner,VVI.N^G04
.SPX,1994-12-30T00:00:00Z,Joiner,AMCR.N
.SPX,1994-12-30T00:00:00Z,Joiner,GDW.N^J06
.SPX,1994-12-30T00:00:00Z,Joiner,KR.N
.SPX,1994-12-30T00:00:00Z,Joiner,SMI.N^I01
.SPX,1994-12-30T00:00:00Z,Joiner,BFO.N^J00
.SPX,1994-12-30T00:00:00Z,Joiner,CMCSK.OQ^L15
.SPX,1994-12-30T00:00:00Z,Joiner,MYG.N^D06
.SPX,1994-12-30T00:00:00Z,Joiner,MO.N
.SPX,1994-12-30T00:00:00Z,Joiner,NOVL.OQ^D11
.SPX,1994-12-30T00:00:00Z,Joiner,CTX.N^H09
.SPX,1994-12-30T00:00:00Z,Joiner,PFE.N
.SPX,1994-12-30T00:00:00Z,Joiner,MMC.N
.SPX,1994-12-30T00:00:00Z,Joiner,GAP.N^L10
.SPX,1994-12-30T00:00:00Z,Joiner,HCA.N^K06
.SPX,1994-12-30T00:00:00Z,Joiner,LDG.N^J08
.SPX,1994-12-30T00:00:00Z,Joiner,RDC.N^D19
.SPX,1994-12-30T00:00:00Z,Joiner,ANV.N^D99
.SPX,1994-12-30T00:00:00Z,Joiner,TRW.N^L02
.SPX,1994-12-30T00:00:00Z,Joiner,PPG.N
.SPX,1994-12-30T00:00:00Z,Joiner,KO.N
.SPX,1994-12-30T00:00:00Z,Joiner,PEP.OQ
.SPX,1994-12-30T00:00:00Z,Joiner,NOC.N
.SPX,1994-12-30T00:00:00Z,Joiner,OG.N^C01
.SPX,1994-12-30T00:00:00Z,Joiner,FFB.N^A96
.SPX,1994-12-30T00:00:00Z,Joiner,WB.N^A09
.SPX,1994-12-30T00:00:00Z,Joiner,GOLD.N
.SPX,1994-12-30T00:00:00Z,Joiner,VFC.N
.SPX,1994-12-30T00:00:00Z,Joiner,HD.N
.SPX,1994-12-30T00:00:00Z,Joiner,NC.N
.SPX,1994-12-30T00:00:00Z,Joiner,GIDL.O^J97
.SPX,1994-12-30T00:00:00Z,Joiner,HMX.N^K08
.SPX,1994-12-30T00:00:00Z,Joiner,YELL.OQ
.SPX,1994-12-30T00:00:00Z,Joiner,G.N^J05
.SPX,1994-12-30T00:00:00Z,Joiner,ENS.N^H97
.SPX,1994-12-30T00:00:00Z,Joiner,DLX.N
.SPX,1994-12-30T00:00:00Z,Joiner,DUK.N
.SPX,1994-12-30T00:00:00Z,Joiner,FNB.N^L95
.SPX,1994-12-30T00:00:00Z,Joiner,TWX.N^A01
.SPX,1994-12-30T00:00:00Z,Joiner,CNG.N^A00
.SPX,1994-12-30T00:00:00Z,Joiner,VZ.N
.SPX,1994-12-30T00:00:00Z,Joiner,MCIC.O^I98
.SPX,1994-12-30T00:00:00Z,Joiner,CR.N
.SPX,1994-12-30T00:00:00Z,Joiner,BNI.N^B10
.SPX,1994-12-30T00:00:00Z,Joiner,SIAL.OQ^K15
.SPX,1994-12-30T00:00:00Z,Joiner,KMB.N
.SPX,1994-12-30T00:00:00Z,Joiner,SO.N
.SPX,1994-12-30T00:00:00Z,Joiner,U.N^H02
.SPX,1994-12-30T00:00:00Z,Joiner,WIN.N^B05
.SPX,1994-12-30T00:00:00Z,Joiner,WLA.N^F00
.SPX,1994-12-30T00:00:00Z,Joiner,NEE.N
.SPX,1994-12-30T00:00:00Z,Joiner,DGN.N^J99
.SPX,1994-12-30T00:00:00Z,Joiner,BOL.N^J07
.SPX,1994-12-30T00:00:00Z,Joiner,OKE.N
.SPX,1994-12-30T00:00:00Z,Joiner,JOS.N^E00
.SPX,1994-12-30T00:00:00Z,Joiner,CCB.N^B96
.SPX,1994-12-30T00:00:00Z,Joiner,CI.N
.SPX,1994-12-30T00:00:00Z,Joiner,TDY.N^H96
